rank,account,entry_mode,entry_rsi,exit_rsi,take_profit_pct,stop_loss_pct,position_size_pct,max_hold_hours,round_trips,win_rate,avg_win_pct,avg_loss_pct,profit_factor,final_value,pnl,pnl_pct,max_drawdown_pct,fees_paid,tds_paid
1,acc_102,dip,22,60,3,1.5,80,336,45,64.444,17.77,-3.396,3.952,49921.945,39921.945,399.219,14.13,2714.999,13857.466
2,acc_125,dip,22,72,5,1.5,80,720,41,58.537,21.813,-3.3,7.498,43498.754,33498.754,334.988,6.995,1038.457,5391.932
3,acc_138,dip,22,80,3,3,80,720,38,73.684,17.802,-6.281,7.477,43486.27,33486.27,334.863,10.435,978.68,5091.179
4,acc_487,dip,45,80,2,5,80,0,462,77.706,4.324,-5.874,2.771,43310.139,33310.139,333.101,24.276,3701.642,18570.875
5,acc_422,dip,40,68,15,5,80,336,155,58.065,9.992,-5.701,3.014,42303.244,32303.244,323.032,27.029,1472.633,7358.297
6,acc_425,dip,40,72,5,3,80,0,249,50.201,8.683,-3.872,2.69,42266.252,32266.252,322.663,27.983,2140.218,10717.988
7,acc_105,dip,22,60,8,1,80,0,44,52.273,21.707,-3.169,3.648,41448.278,31448.278,314.483,19.539,2054.421,10324.673
8,acc_115,dip,22,64,15,3,80,168,39,64.103,19.553,-5.571,3.317,38388.05,28388.05,283.881,29.388,1372.08,6889.38
9,acc_497,dip,45,85,6,2,80,168,479,34.656,8.526,-2.716,2.732,38043.7,28043.7,280.437,33.167,2433.584,12193.673
10,acc_121,dip,22,68,12,1.5,60,72,44,54.545,21.536,-3.162,4.547,37253.79,27253.79,272.538,10.73,1235.8,6239.834
11,acc_144,dip,22,85,2,1.5,60,336,46,71.739,15.654,-3.528,4.804,36533.268,26533.268,265.333,10.723,1449.118,7422.617
12,acc_131,dip,22,76,3,5,60,720,39,71.795,17.861,-7.082,5.461,34324.268,24324.268,243.243,11.926,753.032,3910.099
13,acc_147,dip,22,85,6,1,60,0,42,40.476,29.558,-2.828,7.154,33950.724,23950.724,239.507,7.291,528.534,2634.629
14,acc_484,dip,45,76,10,1,80,336,579,16.235,12.995,-1.817,2.471,32124.79,22124.79,221.248,43.41,2749.29,13782.848
15,acc_118,dip,22,68,5,2,60,720,44,59.091,19.925,-3.916,3.591,31396.66,21396.66,213.967,16.24,1025.454,5265.71
16,acc_140,dip,22,80,6,1.5,50,0,42,47.619,25.784,-3.142,6.968,31264.812,21264.812,212.648,4.577,500.519,2507.288
17,acc_108,dip,22,60,15,5,60,168,38,65.789,19.207,-6.222,3.392,31045.694,21045.694,210.457,25.989,994.444,5013.479
18,acc_101,dip,22,60,2,1,50,168,47,68.085,15.739,-3.298,4.683,31002.62,21002.62,210.026,13.411,1230.241,6293.838
19,acc_409,dip,40,64,3,2,80,720,466,53.433,5.246,-2.964,2.058,30941.499,20941.499,209.415,50.003,5028.638,25245.864
20,acc_111,dip,22,64,5,3,50,720,41,70.732,17.611,-5.781,4.23,30468.467,20468.467,204.685,14.917,847.955,4368.196
21,acc_114,dip,22,64,12,2,50,72,43,58.14,20.458,-3.777,3.929,29865.801,19865.801,198.658,12.932,911.661,4609.697
22,acc_412,dip,40,64,8,1.5,80,72,548,37.226,6.134,-2.201,2.148,29691.725,19691.725,196.917,48.944,4656.349,23372.748
23,acc_418,dip,40,68,5,5,60,0,256,65.625,7.207,-5.851,2.411,29645.774,19645.774,196.458,29.631,1337.163,6677.826
24,acc_124,dip,22,72,4,1,50,720,46,54.348,20.376,-2.982,5.325,29306.073,19306.073,193.061,8.706,765.054,3945.351
25,acc_137,dip,22,80,2,2,50,336,45,71.111,15.735,-4.286,4.121,28833.944,18833.944,188.339,13.106,997.619,5112.818
26,acc_396,dip,36,85,5,1,80,720,355,28.169,10.081,-1.86,2.001,27037.128,17037.128,170.371,58.831,3566.65,17891.256
27,acc_500,dip,45,85,15,1.5,60,720,396,15.404,27.475,-2.423,2.967,27001.344,17001.344,170.013,25.733,1040.496,5187.216
28,acc_117,dip,22,68,4,1.5,40,336,45,60.0,19.368,-3.216,4.667,26931.275,16931.275,169.313,7.231,740.401,3809.411
29,acc_104,dip,22,60,5,5,40,720,40,72.5,17.422,-6.062,4.765,26609.274,16609.274,166.093,12.999,617.193,3188.037
30,acc_133,dip,22,76,6,2,40,0,41,56.098,22.652,-4.054,5.927,26164.019,16164.019,161.64,5.995,378.333,1899.475
31,acc_107,dip,22,60,12,3,40,72,40,67.5,18.463,-5.343,4.396,26012.191,16012.191,160.122,12.127,629.375,3193.29
32,acc_120,dip,22,68,10,1,40,72,45,46.667,23.756,-2.999,4.01,24733.351,14733.351,147.334,13.71,697.26,3530.941
33,acc_130,dip,22,76,2,3,40,336,42,76.19,15.533,-6.256,3.844,23962.817,13962.817,139.628,15.641,639.142,3285.146
34,acc_402,dip,40,60,3,3,60,720,503,66.799,4.383,-3.737,2.076,23474.774,13474.774,134.748,40.87,3282.464,16479.522
35,acc_113,dip,22,64,10,1.5,30,72,44,56.818,20.691,-3.159,5.361,23021.063,13021.063,130.211,5.462,496.208,2526.154
36,acc_464,dip,45,64,12,5,60,336,340,62.647,8.007,-5.257,2.598,22519.287,12519.287,125.193,21.206,1083.825,5403.501
37,acc_498,dip,45,85,8,5,20,336,311,47.267,18.889,-5.556,2.922,22411.991,12411.991,124.12,14.303,520.542,2591.343
38,acc_458,dip,45,64,2,1.5,80,720,1018,52.75,3.693,-2.261,2.101,22212.075,12212.075,122.121,57.01,6556.094,32996.959
39,acc_110,dip,22,64,4,2,30,336,44,61.364,19.063,-3.92,4.376,21741.301,11741.301,117.413,8.307,481.624,2481.645
40,acc_146,dip,22,85,4,5,30,720,39,66.667,19.695,-7.027,4.757,21587.989,11587.989,115.88,11.52,308.924,1612.167
41,acc_126,dip,22,72,6,3,30,0,38,63.158,20.922,-5.592,5.143,21570.848,11570.848,115.708,8.483,314.095,1582.344
42,acc_463,dip,45,64,10,3,40,336,588,50.17,9.992,-3.821,2.258,21361.68,11361.68,113.617,26.816,1341.035,6721.886
43,acc_479,dip,45,72,15,5,30,720,239,48.536,21.117,-5.82,2.928,21268.762,11268.762,112.688,17.447,458.111,2267.132
44,acc_475,dip,45,72,5,5,20,72,601,56.406,9.103,-3.697,2.742,20995.791,10995.791,109.958,15.299,1068.675,5343.303
45,acc_123,dip,22,72,2,5,30,336,41,75.61,15.942,-6.858,4.011,20461.18,10461.18,104.612,13.01,406.604,2097.846
46,acc_467,dip,45,68,4,3,60,0,487,55.441,7.562,-3.907,2.28,20388.469,10388.469,103.885,22.729,1422.55,7109.389
47,acc_349,dip,33,85,10,5,50,0,83,48.193,19.511,-6.221,3.484,20058.537,10058.537,100.585,13.055,297.657,1451.116
48,acc_251,dip,30,60,2,1.5,50,0,207,66.667,5.831,-2.675,2.952,20030.715,10030.715,100.307,14.623,2031.449,10268.899
49,acc_098,dip,18,85,8,1.5,60,0,20,45.0,49.375,-3.108,4.676,19882.752,9882.752,98.828,11.078,351.233,1816.415
50,acc_029,dip,15,72,15,1.5,50,0,11,54.545,69.547,-3.521,6.977,19681.998,9681.998,96.82,7.231,203.365,1071.61
51,acc_460,dip,45,64,4,5,50,0,447,66.89,6.689,-5.009,2.342,19481.316,9481.316,94.813,22.927,1225.94,6122.015
52,acc_192,dip,25,80,10,5,40,168,55,49.091,20.018,-5.235,4.438,19411.75,9411.75,94.117,11.172,314.513,1566.5
53,acc_405,dip,40,60,8,2,60,72,543,50.092,5.199,-2.877,1.892,19396.857,9396.857,93.969,50.181,2749.237,13788.245
54,acc_136,dip,22,76,15,1.5,30,168,41,46.341,28.436,-3.15,4.452,19375.73,9375.73,93.757,7.774,343.016,1742.847
55,acc_485,dip,45,76,12,2,20,336,514,24.125,21.655,-2.889,2.461,19329.809,9329.809,93.298,23.568,770.819,3838.467
56,acc_189,dip,25,80,5,1,50,0,84,35.714,18.93,-2.087,4.328,19098.337,9098.337,90.983,7.498,465.984,2338.554
57,acc_127,dip,22,72,8,5,50,72,37,59.459,22.244,-5.451,3.167,19025.957,9025.957,90.26,16.997,475.811,2390.393
58,acc_134,dip,22,76,8,3,60,72,39,61.538,20.889,-4.87,3.124,18991.422,8991.422,89.914,18.016,538.196,2694.594
59,acc_091,dip,18,80,8,2,50,0,19,42.105,53.017,-4.189,5.26,18954.417,8954.417,89.544,11.996,233.657,1220.328
60,acc_373,dip,36,72,3,1,80,336,443,39.955,6.373,-1.934,1.822,18949.06,8949.06,89.491,67.648,5702.452,28647.768
61,acc_297,dip,30,85,6,1.5,50,336,153,33.333,14.448,-2.515,2.739,18826.615,8826.615,88.266,15.593,741.249,3684.41
62,acc_473,dip,45,72,3,1.5,50,0,1094,42.322,6.468,-2.243,2.119,18747.036,8747.036,87.47,40.531,2899.486,14542.818
63,acc_166,dip,25,68,3,1,40,720,90,52.222,12.363,-2.162,3.4,18651.659,8651.659,86.517,10.852,955.411,4849.335
64,acc_143,dip,22,80,15,1,40,168,42,35.714,33.994,-2.731,3.437,18618.029,8618.029,86.18,15.7,444.298,2240.242
65,acc_300,dip,30,85,15,1,50,0,95,16.842,35.119,-2.234,5.297,18527.039,8527.039,85.27,8.942,259.958,1261.467
66,acc_199,dip,25,85,10,3,50,336,56,37.5,24.611,-4.484,3.52,18516.504,8516.504,85.165,16.658,325.604,1610.059
67,acc_376,dip,36,72,6,5,80,0,75,57.333,15.758,-5.834,2.569,18362.649,8362.649,83.626,21.452,533.405,2633.495
68,acc_492,dip,45,80,12,1.5,30,336,531,17.702,26.607,-2.321,2.45,18216.549,8216.549,82.165,27.496,862.143,4293.045
69,acc_293,dip,30,80,15,1.5,40,0,124,24.194,23.314,-2.439,4.178,18138.273,8138.273,81.383,10.638,320.729,1569.287
70,acc_330,dip,33,76,2,5,60,168,189,77.249,5.897,-5.539,2.275,18131.383,8131.383,81.314,28.655,1362.57,6869.026
71,acc_196,dip,25,85,4,5,60,0,54,70.37,15.01,-6.721,3.302,18116.717,8116.717,81.167,16.286,350.487,1736.734
72,acc_139,dip,22,80,5,1,20,720,46,50.0,22.554,-2.827,6.092,18089.143,8089.143,80.891,4.34,260.051,1348.745
73,acc_466,dip,45,68,3,2,40,0,975,50.359,6.186,-2.803,2.092,18069.099,8069.099,80.691,33.767,2341.506,11742.943
74,acc_169,dip,25,68,6,5,40,72,65,67.692,12.499,-4.916,3.289,18068.756,8068.756,80.688,17.612,550.431,2773.269
75,acc_084,dip,18,76,8,3,40,0,19,57.895,39.346,-5.217,4.284,18049.193,8049.193,80.492,13.271,225.986,1177.194
76,acc_078,dip,18,72,12,1,50,0,20,40.0,52.953,-3.132,4.095,18046.202,8046.202,80.462,16.222,300.082,1549.89
77,acc_456,dip,45,60,10,5,30,168,588,69.728,6.173,-4.629,2.377,18044.037,8044.037,80.44,18.446,1269.792,6389.739
78,acc_048,dip,15,85,8,1.5,30,720,11,45.455,83.414,-3.217,9.263,18021.801,8021.801,80.218,4.576,113.255,610.001
79,acc_303,dip,33,60,4,5,40,168,189,73.016,6.079,-4.221,2.583,17928.702,7928.702,79.287,25.95,1031.426,5183.329
80,acc_441,dip,40,80,8,5,60,168,155,51.613,11.902,-5.066,2.675,17916.034,7916.034,79.16,19.202,484.621,2389.151
81,acc_106,dip,22,60,10,2,20,72,43,58.14,20.338,-3.777,5.044,17889.787,7889.787,78.898,5.021,274.709,1403.158
82,acc_049,dip,15,85,10,2,60,0,9,33.333,131.941,-4.886,6.007,17807.859,7807.859,78.079,15.966,124.145,663.704
83,acc_116,dip,22,68,3,1,20,336,47,61.702,17.469,-3.219,5.541,17806.164,7806.164,78.062,5.449,303.554,1566.152
84,acc_280,dip,30,76,2,5,40,72,145,74.483,6.653,-4.431,2.733,17804.227,7804.227,78.042,18.077,1019.166,5130.28
85,acc_345,dip,33,85,3,5,30,336,181,71.271,7.103,-5.631,2.816,17752.133,7752.133,77.521,14.39,611.234,3039.236
86,acc_103,dip,22,60,4,3,20,336,41,73.171,16.776,-5.981,5.051,17740.101,7740.101,77.401,8.709,255.375,1323.469
87,acc_079,dip,18,72,15,1.5,80,72,20,55.0,40.123,-3.182,4.407,17727.381,7727.381,77.274,15.275,385.318,1977.036
88,acc_478,dip,45,72,12,3,10,336,374,34.492,19.497,-3.832,2.669,17702.356,7702.356,77.024,17.423,467.313,2323.256
89,acc_499,dip,45,85,12,1,40,336,621,13.527,29.107,-1.825,2.435,17691.992,7691.992,76.92,31.53,1066.186,5319.098
90,acc_100,dip,18,85,12,5,30,72,19,57.895,39.467,-4.361,5.992,17676.008,7676.008,76.76,9.126,171.876,903.135
91,acc_335,dip,33,76,12,1.5,30,0,195,24.615,17.534,-2.383,3.686,17637.636,7637.636,76.376,13.864,394.186,1940.238
92,acc_195,dip,25,85,3,3,40,0,70,64.286,12.484,-4.67,3.102,17631.092,7631.092,76.311,17.217,489.493,2479.651
93,acc_258,dip,30,64,2,1,60,0,223,58.296,6.188,-2.043,2.625,17627.434,7627.434,76.274,24.639,2336.564,11791.596
94,acc_454,dip,45,60,6,1.5,60,72,1040,42.212,4.6,-2.211,1.981,17606.579,7606.579,76.066,51.562,3743.774,18808.843
95,acc_342,dip,33,80,12,1,40,0,259,18.533,18.399,-1.983,2.902,17590.395,7590.395,75.904,20.837,703.708,3497.002
96,acc_150,dip,22,85,12,5,50,168,34,52.941,28.011,-6.214,2.657,17578.737,7578.737,75.787,26.087,346.941,1716.753
97,acc_278,dip,30,72,12,1.5,60,720,130,33.077,15.51,-2.614,3.312,17576.018,7576.018,75.76,13.986,525.869,2597.506
98,acc_242,dip,28,80,10,5,60,336,64,48.438,19.122,-5.814,3.081,17570.938,7570.938,75.709,14.182,317.927,1579.411
99,acc_042,dip,15,80,10,3,50,0,10,50.0,80.879,-5.611,4.043,17512.943,7512.943,75.129,16.052,162.615,855.729
100,acc_284,dip,30,76,8,5,50,720,83,51.807,15.95,-6.34,2.68,17512.17,7512.17,75.122,18.025,324.633,1589.136
101,acc_241,dip,28,80,8,3,40,336,90,41.111,16.92,-4.332,2.721,17502.424,7502.424,75.024,17.382,414.144,2053.833
102,acc_182,dip,25,76,5,1.5,40,0,80,41.25,17.198,-2.802,2.811,17499.82,7499.82,74.998,14.716,636.683,3240.299
103,acc_451,dip,45,60,2,2,60,720,1144,60.49,3.339,-2.802,2.066,17422.811,7422.811,74.228,47.036,4128.646,20739.856
104,acc_234,dip,28,76,8,5,30,336,78,56.41,14.883,-5.64,3.31,17414.795,7414.795,74.148,11.45,290.975,1458.859
105,acc_399,dip,36,85,10,5,80,72,123,54.472,12.091,-3.336,2.288,17404.994,7404.994,74.05,27.819,924.983,4604.701
106,acc_236,dip,28,76,15,1.5,80,720,35,37.143,36.023,-2.503,4.45,17368.205,7368.205,73.682,9.681,387.347,1912.081
107,acc_173,dip,25,72,2,5,50,720,64,76.562,11.114,-6.609,2.885,17361.478,7361.478,73.615,20.012,605.29,3038.36
108,acc_482,dip,45,76,5,3,30,72,671,48.286,9.386,-3.208,2.225,17357.859,7357.859,73.579,24.178,1207.834,6036.135
109,acc_244,dip,28,85,2,2,40,0,130,66.923,7.556,-3.43,2.959,17352.776,7352.776,73.528,14.241,857.376,4329.004
110,acc_077,dip,18,72,8,5,30,0,18,61.111,39.185,-5.276,5.429,17350.845,7350.845,73.508,9.608,157.405,828.711
111,acc_486,dip,45,76,15,3,40,720,245,31.837,20.364,-3.964,2.574,17341.254,7341.254,73.413,17.37,450.957,2222.127
112,acc_261,dip,30,64,5,5,50,168,126,72.222,8.18,-5.502,2.291,17328.243,7328.243,73.282,21.167,798.719,4011.233
113,acc_188,dip,25,80,3,5,30,0,60,70.0,13.025,-6.447,3.496,17196.136,7196.136,71.961,13.245,352.442,1772.34
114,acc_452,dip,45,60,3,5,20,0,720,74.167,5.236,-4.617,2.453,17158.776,7158.776,71.588,16.782,1316.41,6625.028
115,acc_260,dip,30,64,4,3,30,72,170,66.471,7.089,-3.475,2.772,17157.057,7157.057,71.571,18.113,840.868,4265.658
116,acc_085,dip,18,76,10,5,60,0,18,55.556,43.158,-5.707,3.229,17155.603,7155.603,71.556,20.75,261.283,1350.252
117,acc_274,dip,30,72,4,1.5,50,72,183,51.913,8.192,-2.384,2.469,17143.597,7143.597,71.436,21.202,1253.859,6299.383
118,acc_159,dip,25,64,3,1.5,30,720,85,57.647,11.766,-2.983,3.201,17099.458,7099.458,70.995,12.569,662.323,3367.263
119,acc_162,dip,25,64,8,1,30,72,90,47.778,13.44,-2.166,3.334,17070.82,7070.82,70.708,9.016,682.069,3440.33
120,acc_339,dip,33,80,5,1.5,40,336,266,36.842,9.723,-2.279,2.497,17057.184,7057.184,70.572,25.234,940.708,4691.729
121,acc_471,dip,45,68,12,3,80,336,175,50.286,10.138,-3.989,2.347,17044.028,7044.028,70.44,19.267,810.459,4028.511
122,acc_267,dip,30,68,4,2,40,72,183,55.191,7.906,-2.831,2.427,17017.53,7017.53,70.175,19.387,1061.442,5339.787
123,acc_238,dip,28,80,3,5,50,72,96,66.667,9.726,-3.81,2.549,17010.003,7010.003,70.1,20.179,812.925,4081.908
124,acc_255,dip,30,60,8,1.5,60,336,176,54.545,7.948,-2.61,2.293,16993.56,6993.56,69.936,19.616,1394.386,6969.753
125,acc_347,dip,33,85,6,1.5,80,720,68,36.765,21.446,-2.386,4.325,16982.673,6982.673,69.827,12.893,423.394,2080.609
126,acc_035,dip,15,76,10,5,30,720,9,55.556,80.107,-6.004,6.681,16963.72,6963.72,69.637,8.787,88.015,477.723
127,acc_149,dip,22,85,10,3,30,168,37,51.351,26.269,-4.962,3.3,16954.326,6954.326,69.543,17.351,267.383,1336.119
128,acc_119,dip,22,68,6,5,20,0,37,62.162,21.549,-6.679,3.916,16939.514,6939.514,69.395,10.616,202.831,1037.797
129,acc_326,dip,33,72,6,5,40,720,138,58.696,10.343,-5.979,2.352,16930.009,6930.009,69.3,23.728,448.996,2217.068
130,acc_036,dip,15,76,15,1,60,0,11,45.455,80.399,-4.06,3.878,16907.735,6907.735,69.077,17.355,219.867,1140.675
131,acc_443,dip,40,80,15,2,30,336,286,24.825,16.011,-2.86,2.716,16881.934,6881.934,68.819,20.09,475.214,2347.176
132,acc_291,dip,30,80,8,3,60,720,93,39.785,17.668,-4.2,2.602,16879.436,6879.436,68.794,19.769,392.427,1927.555
133,acc_176,dip,25,72,6,3,50,72,72,61.111,12.453,-4.069,2.698,16867.085,6867.085,68.671,18.466,656.261,3292.772
134,acc_294,dip,30,85,2,2,60,72,186,65.054,6.328,-3.044,2.372,16865.971,6865.971,68.66,25.315,1683.721,8503.872
135,acc_153,dip,25,60,4,3,40,720,74,70.27,10.756,-4.714,2.774,16850.615,6850.615,68.506,22.123,668.031,3394.72
136,acc_228,dip,28,72,12,1.5,40,336,122,33.607,16.248,-2.683,2.551,16827.037,6827.037,68.27,20.596,633.638,3168.2
137,acc_202,dip,28,60,3,2,50,0,128,65.625,7.817,-3.426,2.463,16810.242,6810.242,68.102,21.224,1224.753,6194.913
138,acc_151,dip,25,60,2,1,80,336,87,60.92,10.753,-2.257,3.004,16790.3,6790.3,67.903,18.564,1545.457,7808.002
139,acc_277,dip,30,72,10,1,40,720,180,28.333,14.425,-2.187,2.92,16786.958,6786.958,67.87,18.067,609.4,3021.946
140,acc_211,dip,28,64,5,5,30,72,105,71.429,8.774,-4.337,2.978,16777.832,6777.832,67.778,16.962,592.172,2987.719
141,acc_287,dip,30,80,2,3,50,72,167,71.856,6.214,-3.788,2.359,16770.865,6770.865,67.709,25.677,1372.458,6937.695
142,acc_248,dip,28,85,8,2,50,336,96,32.292,19.398,-3.357,2.492,16768.363,6768.363,67.684,23.295,499.862,2487.357
143,acc_459,dip,45,64,3,3,30,0,824,62.864,5.762,-3.764,2.106,16767.818,6767.818,67.678,24.453,1673.21,8390.691
144,acc_209,dip,28,64,3,1.5,60,0,134,56.716,8.843,-2.658,2.412,16764.436,6764.436,67.644,21.09,1407.734,7115.108
145,acc_163,dip,25,64,10,1.5,50,168,79,48.101,14.786,-2.885,2.496,16761.069,6761.069,67.611,18.388,813.989,4085.904
146,acc_208,dip,28,64,2,1,30,720,159,59.119,7.211,-2.08,3.23,16712.815,6712.815,67.128,12.734,1088.758,5510.348
147,acc_186,dip,25,76,15,1.5,50,336,71,30.986,25.259,-2.799,2.511,16683.154,6683.154,66.832,21.884,560.767,2811.964
148,acc_224,dip,28,72,4,1.5,30,0,135,46.667,10.787,-2.574,3.063,16673.644,6673.644,66.736,13.114,619.407,3149.248
149,acc_198,dip,25,85,8,2,30,168,72,36.111,20.943,-3.182,3.093,16593.517,6593.517,65.935,15.351,395.719,1998.271
150,acc_247,dip,28,85,6,1.5,30,168,125,36.0,14.804,-2.618,2.735,16575.57,6575.57,65.756,14.683,588.497,2967.91
151,acc_185,dip,25,76,12,1,30,168,83,28.916,22.85,-2.14,3.234,16535.224,6535.224,65.352,11.767,497.771,2511.406
152,acc_348,dip,33,85,8,3,30,0,151,36.424,15.504,-4.065,2.595,16476.925,6476.925,64.769,19.035,368.078,1811.299
153,acc_316,dip,33,68,3,1.5,40,168,320,48.438,6.455,-2.262,2.371,16438.398,6438.398,64.384,24.495,1556.416,7799.716
154,acc_253,dip,30,60,4,5,20,72,154,77.922,6.365,-4.805,3.537,16401.22,6401.22,64.012,9.84,573.965,2902.989
155,acc_340,dip,33,80,6,2,60,720,177,34.463,12.719,-2.997,2.33,16398.949,6398.949,63.989,27.056,699.805,3472.884
156,acc_231,dip,28,76,4,1,40,72,143,44.056,10.278,-1.993,2.604,16397.72,6397.72,63.977,21.569,1091.592,5489.593
157,acc_156,dip,25,60,10,2,40,168,78,56.41,12.649,-3.441,2.528,16356.808,6356.808,63.568,21.861,731.167,3676.531
158,acc_205,dip,28,60,8,1.5,40,168,140,52.143,9.351,-2.726,2.412,16349.548,6349.548,63.495,20.097,1000.975,5033.68
159,acc_450,dip,40,85,15,1.5,40,336,302,19.536,19.019,-2.326,2.506,16344.953,6344.953,63.45,24.422,620.45,3078.415
160,acc_237,dip,28,80,2,3,30,0,122,72.131,7.459,-4.59,2.922,16283.8,6283.8,62.838,15.841,623.454,3152.183
161,acc_160,dip,25,64,4,2,50,720,78,55.128,12.951,-3.397,2.387,16232.41,6232.41,62.324,26.424,823.721,4174.76
162,acc_288,dip,30,80,3,5,80,168,91,71.429,9.926,-5.732,2.353,16228.76,6228.76,62.288,23.31,850.94,4246.594
163,acc_333,dip,33,76,6,3,50,720,147,46.939,11.607,-4.099,2.178,16221.271,6221.271,62.213,27.386,587.563,2912.835
164,acc_285,dip,30,76,12,1,80,720,51,25.49,35.94,-1.876,5.026,16219.771,6219.771,62.198,9.366,352.683,1726.638
165,acc_193,dip,25,80,15,1,60,336,70,28.571,28.537,-2.208,2.478,16143.402,6143.402,61.434,21.028,641.398,3208.112
166,acc_232,dip,28,76,5,1.5,60,72,119,48.739,11.065,-2.616,2.311,16139.949,6139.949,61.399,22.963,1100.709,5567.588
167,acc_175,dip,25,72,5,2,30,0,78,46.154,15.597,-3.291,2.905,16129.291,6129.291,61.293,17.134,442.216,2255.213
168,acc_172,dip,25,68,15,3,30,336,66,54.545,15.136,-4.545,2.978,16113.108,6113.108,61.131,17.138,345.234,1742.647
169,acc_129,dip,22,72,15,2,20,168,40,50.0,25.939,-3.805,4.244,16094.614,6094.614,60.946,8.352,207.561,1058.206
170,acc_477,dip,45,72,10,1.5,60,336,509,21.415,15.031,-2.228,2.124,16063.221,6063.221,60.632,29.506,1172.453,5849.721
171,acc_235,dip,28,76,12,1,50,336,110,26.364,20.256,-2.271,2.432,16060.996,6060.996,60.61,28.36,603.813,2999.477
172,acc_481,dip,45,76,4,2,10,0,794,41.31,9.752,-2.873,2.234,16055.396,6055.396,60.554,22.063,998.255,4995.995
173,acc_283,dip,30,76,6,3,30,336,138,46.377,12.309,-4.113,2.389,16043.145,6043.145,60.431,17.803,459.981,2286.606
174,acc_462,dip,45,64,8,2,20,168,831,38.628,9.734,-2.791,2.013,15978.508,5978.508,59.785,32.828,1310.798,6573.237
175,acc_257,dip,30,60,12,5,30,720,144,76.389,6.849,-5.761,2.434,15951.372,5951.372,59.514,18.343,673.377,3372.398
176,acc_493,dip,45,80,15,2,50,720,248,22.581,25.706,-2.906,2.444,15923.685,5923.685,59.237,19.344,503.28,2485.104
177,acc_200,dip,25,85,12,5,80,336,34,52.941,27.989,-5.819,3.365,15922.568,5922.568,59.226,17.296,254.237,1231.647
178,acc_181,dip,25,76,4,1,20,0,88,40.909,15.954,-2.079,4.321,15899.556,5899.556,58.996,5.092,346.433,1755.542
179,acc_281,dip,30,76,4,1,60,168,189,40.741,9.895,-1.952,2.306,15895.806,5895.806,58.958,26.729,1237.62,6187.816
180,acc_167,dip,25,68,4,1.5,60,720,80,50.0,14.149,-2.865,2.333,15894.997,5894.997,58.95,22.159,921.738,4666.107
181,acc_180,dip,25,76,2,3,60,720,72,69.444,10.876,-4.776,2.532,15891.07,5891.07,58.911,24.2,739.921,3751.518
182,acc_250,dip,28,85,15,1,20,720,112,19.643,28.93,-2.229,3.862,15878.002,5878.002,58.78,11.439,286.218,1425.4
183,acc_386,dip,36,76,15,2,80,168,149,30.201,16.12,-3.056,2.16,15872.763,5872.763,58.728,34.934,698.732,3490.564
184,acc_001,dip,30.0,72.0,4.0,2.0,40.0,0.0,174,50.0,9.11,-3.084,2.182,15863.497,5863.497,58.635,23.984,887.214,4441.083
185,acc_229,dip,28,72,15,2,60,720,93,38.71,17.637,-3.481,2.327,15852.098,5852.098,58.521,27.216,521.282,2591.834
186,acc_286,dip,30,76,15,2,30,0,140,27.857,19.197,-3.251,2.572,15806.851,5806.851,58.069,20.462,374.198,1839.753
187,acc_341,dip,33,80,8,5,20,0,117,47.863,14.916,-6.091,2.964,15802.12,5802.12,58.021,12.614,227.573,1106.342
188,acc_368,dip,36,68,5,5,30,720,211,63.507,8.098,-5.534,2.39,15794.855,5794.855,57.949,16.924,542.87,2703.317
189,acc_215,dip,28,64,15,5,40,720,96,72.917,9.857,-5.916,2.235,15787.48,5787.48,57.875,25.513,554.148,2785.052
190,acc_142,dip,22,80,10,5,20,72,38,55.263,23.592,-4.875,4.004,15782.417,5782.417,57.824,9.314,202.41,1031.05
191,acc_141,dip,22,80,8,2,80,72,40,52.5,24.408,-3.748,2.457,15780.827,5780.827,57.808,22.925,597.435,2970.506
192,acc_230,dip,28,76,2,5,20,0,105,79.048,7.844,-6.394,3.797,15778.412,5778.412,57.784,9.052,358.779,1809.828
193,acc_332,dip,33,76,5,2,30,336,247,41.7,9.374,-2.871,2.355,15757.667,5757.667,57.577,23.699,693.236,3450.304
194,acc_170,dip,25,68,10,1,60,168,84,35.714,18.273,-2.109,2.37,15743.995,5743.995,57.44,20.815,923.886,4628.284
195,acc_266,dip,30,68,3,1.5,20,72,207,55.072,7.195,-2.392,3.062,15742.087,5742.087,57.421,9.006,775.783,3915.073
196,acc_092,dip,18,80,10,3,80,0,18,50.0,47.701,-5.248,3.991,15715.501,5715.501,57.155,17.419,227.119,1171.164
197,acc_201,dip,28,60,2,1.5,20,720,146,66.438,7.094,-2.742,3.505,15682.691,5682.691,56.827,8.024,688.872,3493.686
198,acc_299,dip,30,85,10,5,20,720,84,47.619,18.334,-6.396,3.389,15675.219,5675.219,56.752,10.315,169.111,822.857
199,acc_218,dip,28,68,5,3,40,72,108,62.963,9.322,-3.606,2.347,15674.12,5674.12,56.741,25.349,748.544,3793.803
200,acc_183,dip,25,76,6,2,60,72,76,47.368,15.13,-3.189,2.242,15649.005,5649.005,56.49,24.203,785.357,3931.271
201,acc_320,dip,33,68,10,1.5,60,0,221,34.389,11.279,-2.42,2.104,15632.121,5632.121,56.321,32.342,1098.692,5485.195
202,acc_093,dip,18,80,15,1,20,72,20,35.0,61.353,-2.994,6.193,15626.159,5626.159,56.262,7.457,119.666,630.209
203,acc_483,dip,45,76,6,5,50,168,257,52.918,11.942,-4.959,2.298,15604.102,5604.102,56.041,19.263,564.927,2794.949
204,acc_177,dip,25,72,8,5,80,168,45,53.333,20.926,-5.186,3.3,15563.75,5563.75,55.638,18.377,327.949,1602.367
205,acc_273,dip,30,72,3,1,30,72,220,46.818,7.671,-1.95,2.588,15562.382,5562.382,55.624,19.871,1199.189,6036.233
206,acc_165,dip,25,64,15,5,20,336,64,68.75,12.808,-5.559,3.502,15516.606,5516.606,55.166,12.489,280.359,1422.546
207,acc_290,dip,30,80,6,2,40,336,153,37.255,13.121,-3.181,2.129,15470.772,5470.772,54.708,26.636,578.028,2865.315
208,acc_302,dip,33,60,3,3,20,168,285,69.825,5.183,-3.696,2.71,15458.046,5458.046,54.58,14.952,858.263,4316.237
209,acc_190,dip,25,80,6,1.5,80,72,68,47.059,16.632,-2.72,2.399,15456.829,5456.829,54.568,17.703,890.047,4442.095
210,acc_306,dip,33,60,10,3,40,0,229,62.009,6.346,-3.665,2.062,15456.818,5456.818,54.568,31.698,1063.588,5341.196
211,acc_270,dip,30,68,10,1.5,30,720,185,37.838,11.209,-2.616,2.348,15446.149,5446.149,54.461,20.506,680.41,3406.001
212,acc_028,dip,15,72,12,1,20,720,11,45.455,79.94,-4.06,8.295,15408.838,5408.838,54.088,6.062,69.645,377.503
213,acc_222,dip,28,68,15,3,50,720,101,52.475,12.515,-4.325,2.03,15383.235,5383.235,53.832,28.087,597.532,2997.497
214,acc_490,dip,45,80,6,3,60,168,326,42.638,11.969,-3.646,2.112,15348.057,5348.057,53.481,22.439,745.913,3708.999
215,acc_041,dip,15,80,8,2,20,720,10,40.0,100.48,-4.957,6.975,15343.677,5343.677,53.437,7.184,62.006,338.753
216,acc_155,dip,25,60,8,1.5,20,72,83,54.217,12.454,-2.945,3.426,15311.267,5311.267,53.113,8.177,416.435,2105.772
217,acc_436,dip,40,76,15,3,20,336,231,35.065,14.041,-3.927,2.447,15298.281,5298.281,52.983,18.127,350.609,1727.034
218,acc_128,dip,22,72,12,1,80,72,43,44.186,26.291,-2.999,2.353,15284.997,5284.997,52.85,26.645,713.213,3552.398
219,acc_289,dip,30,80,5,1.5,20,168,187,38.503,10.963,-2.484,2.796,15229.862,5229.862,52.299,12.751,531.825,2664.604
220,acc_179,dip,25,72,15,2,40,336,72,37.5,19.979,-3.289,2.321,15223.671,5223.671,52.237,24.743,478.813,2403.767
221,acc_395,dip,36,85,3,5,50,720,174,70.69,7.729,-5.93,2.357,15207.72,5207.72,52.077,18.788,627.677,3116.203
222,acc_168,dip,25,68,5,3,20,0,72,63.889,12.552,-4.71,3.247,15200.454,5200.454,52.005,12.388,302.197,1546.23
223,acc_309,dip,33,64,3,2,30,168,299,56.522,5.973,-2.887,2.275,15188.005,5188.005,51.88,25.258,1144.318,5755.307
224,acc_372,dip,36,68,15,5,50,168,161,56.522,10.187,-5.033,2.194,15167.064,5167.064,51.671,25.897,520.54,2575.659
225,acc_428,dip,40,72,12,2,60,168,313,33.546,10.367,-2.944,1.94,15164.834,5164.834,51.648,33.807,851.83,4238.562
226,acc_191,dip,25,80,8,3,20,168,63,41.27,20.362,-4.16,3.279,15104.783,5104.783,51.048,12.355,234.924,1179.584
227,acc_152,dip,25,60,3,2,20,720,83,62.651,10.812,-3.529,3.304,15067.768,5067.768,50.678,12.571,421.094,2143.632
228,acc_397,dip,36,85,6,2,30,0,259,37.066,11.413,-2.922,2.354,15056.956,5056.956,50.57,19.461,529.777,2622.201
229,acc_364,dip,36,64,12,5,20,72,285,61.754,6.585,-3.659,2.55,15053.218,5053.218,50.532,19.691,644.637,3223.763
230,acc_296,dip,30,85,5,1,30,168,203,35.468,11.047,-2.001,2.372,15049.436,5049.436,50.494,23.626,799.03,3995.81
231,acc_254,dip,30,60,6,1,40,168,212,47.17,7.904,-2.131,2.2,15008.451,5008.451,50.085,25.905,1230.197,6155.619
232,acc_276,dip,30,72,6,5,20,336,119,59.664,10.887,-5.81,2.532,14990.055,4990.055,49.901,12.395,304.384,1512.979
233,acc_221,dip,28,68,12,2,30,336,119,42.857,13.1,-3.298,2.231,14979.309,4979.309,49.793,24.289,521.31,2622.496
234,acc_489,dip,45,80,5,2,40,72,766,39.034,9.753,-2.557,1.975,14961.995,4961.995,49.62,36.301,1483.492,7417.922
235,acc_491,dip,45,80,10,1,10,336,707,14.427,24.507,-1.813,2.288,14919.885,4919.885,49.199,29.088,837.22,4185.114
236,acc_387,dip,36,80,2,5,20,336,323,78.328,4.859,-5.75,2.534,14908.752,4908.752,49.088,15.057,721.174,3617.962
237,acc_214,dip,28,64,12,3,20,336,118,64.407,9.338,-4.497,2.68,14892.788,4892.788,48.928,14.728,421.122,2127.674
238,acc_415,dip,40,68,2,1,60,336,908,48.348,3.936,-1.859,1.949,14837.685,4837.685,48.377,61.909,4909.516,24660.356
239,acc_187,dip,25,80,2,2,80,720,71,63.38,11.724,-3.736,2.735,14836.49,4836.49,48.365,14.733,806.988,4083.576
240,acc_488,dip,45,80,4,1.5,20,72,1192,38.003,7.9,-2.176,2.024,14834.079,4834.079,48.341,36.488,1932.775,9685.99
241,acc_389,dip,36,80,5,1.5,60,720,174,35.057,12.887,-2.395,2.801,14829.598,4829.598,48.296,16.245,570.665,2824.146
242,acc_154,dip,25,60,5,5,80,0,51,76.471,13.244,-5.745,2.436,14748.206,4748.206,47.482,29.329,701.575,3493.76
243,acc_178,dip,25,72,12,1.5,20,168,78,34.615,20.214,-2.756,2.986,14714.143,4714.143,47.141,11.773,327.293,1654.985
244,acc_217,dip,28,68,4,2,20,0,127,53.543,9.917,-3.197,2.729,14700.652,4700.652,47.007,13.768,470.502,2390.317
245,acc_474,dip,45,72,4,2,80,0,277,42.238,8.135,-2.859,2.029,14684.607,4684.607,46.846,32.672,1120.968,5589.952
246,acc_279,dip,30,72,15,3,20,0,130,41.538,14.393,-4.255,2.507,14667.605,4667.605,46.676,14.614,294.935,1450.249
247,acc_245,dip,28,85,3,3,60,72,102,65.686,9.362,-3.962,2.01,14655.169,4655.169,46.552,30.352,969.959,4902.432
248,acc_027,dip,15,72,8,3,80,720,10,70.0,58.032,-7.215,3.036,14622.854,4622.854,46.229,18.501,218.041,1120.011
249,acc_343,dip,33,80,15,1.5,60,72,225,34.667,9.285,-2.315,2.149,14581.037,4581.037,45.81,35.405,1013.312,5056.24
250,acc_346,dip,33,85,5,1,50,336,294,30.612,10.189,-1.888,2.108,14533.441,4533.441,45.334,36.31,1147.975,5731.283
251,acc_391,dip,36,80,8,5,40,72,226,52.212,7.997,-3.639,2.188,14515.966,4515.966,45.16,25.993,675.573,3354.212
252,acc_390,dip,36,80,6,3,20,0,216,42.13,11.277,-4.029,2.41,14487.403,4487.403,44.874,17.163,367.752,1814.536
253,acc_336,dip,33,76,15,2,50,72,229,40.175,9.085,-2.705,1.937,14484.176,4484.176,44.842,39.403,930.056,4646.599
254,acc_157,dip,25,60,12,3,60,168,70,65.714,11.893,-4.489,2.064,14463.278,4463.278,44.633,29.44,734.753,3674.37
255,acc_307,dip,33,60,12,5,60,0,143,67.832,7.531,-4.525,1.773,14436.326,4436.326,44.363,39.521,1010.845,5064.479
256,acc_329,dip,33,72,15,3,40,72,208,50.0,8.119,-3.36,1.924,14421.286,4421.286,44.213,36.479,789.549,3933.502
257,acc_375,dip,36,72,5,3,40,720,206,50.0,9.224,-4.077,2.154,14420.895,4420.895,44.209,22.951,539.259,2674.247
258,acc_312,dip,33,64,8,1.5,20,720,316,38.291,8.392,-2.282,2.377,14410.526,4410.526,44.105,20.566,802.817,4031.687
259,acc_437,dip,40,80,2,5,40,720,374,78.877,4.585,-6.126,2.229,14396.615,4396.615,43.966,19.199,954.086,4755.006
260,acc_310,dip,33,64,4,3,50,168,222,61.261,6.63,-3.853,1.888,14393.669,4393.669,43.937,37.966,1142.821,5745.164
261,acc_435,dip,40,76,12,1.5,80,168,254,27.559,13.125,-2.273,1.978,14371.554,4371.554,43.716,33.853,986.763,4914.3
262,acc_322,dip,33,68,15,5,30,72,174,57.471,8.078,-3.904,2.047,14340.509,4340.509,43.405,31.525,593.752,2965.748
263,acc_212,dip,28,64,8,1,50,168,138,42.754,11.083,-2.247,2.035,14310.394,4310.394,43.104,34.577,1044.652,5221.997
264,acc_132,dip,22,76,5,1.5,10,720,45,57.778,20.621,-3.25,7.314,14302.294,4302.294,43.023,1.739,113.626,593.176
265,acc_455,dip,45,60,8,3,10,168,717,59.693,6.195,-3.575,2.251,14279.456,4279.456,42.795,17.686,905.003,4543.351
266,acc_109,dip,22,64,3,1.5,10,336,46,65.217,17.322,-3.396,7.298,14202.879,4202.879,42.029,1.833,126.994,659.92
267,acc_240,dip,28,80,6,2,20,168,115,38.261,14.264,-3.282,2.49,14174.977,4174.977,41.75,16.907,365.375,1844.387
268,acc_204,dip,28,60,6,1,20,72,150,48.667,9.071,-2.282,2.67,14125.591,4125.591,41.256,17.346,610.253,3064.44
269,acc_328,dip,33,72,12,2,20,0,228,31.14,12.568,-2.957,2.253,14095.85,4095.85,40.959,21.568,441.155,2180.95
270,acc_427,dip,40,72,10,1.5,40,168,508,25.394,9.986,-2.28,1.944,14085.1,4085.1,40.851,34.033,1059.321,5283.482
271,acc_264,dip,30,64,12,3,40,720,146,58.904,8.795,-4.262,1.854,14068.579,4068.579,40.686,30.285,692.325,3455.705
272,acc_227,dip,28,72,10,1,20,336,136,27.941,16.335,-2.174,2.593,14065.891,4065.891,40.659,18.757,424.903,2118.877
273,acc_448,dip,40,85,8,3,80,168,117,41.026,14.818,-3.826,1.776,13994.651,3994.651,39.947,34.61,677.819,3361.078
274,acc_145,dip,22,85,3,3,10,720,41,70.732,17.43,-5.765,6.205,13910.418,3910.418,39.104,3.994,102.108,533.271
275,acc_325,dip,33,72,5,3,20,336,221,51.131,8.645,-3.901,2.095,13888.049,3888.049,38.88,20.1,488.756,2423.944
276,acc_410,dip,40,64,4,5,20,720,355,69.859,5.479,-5.188,2.248,13875.982,3875.982,38.76,13.347,618.009,3077.004
277,acc_112,dip,22,64,8,1,10,0,44,52.273,21.758,-3.12,5.977,13851.921,3851.921,38.519,2.641,117.918,605.395
278,acc_381,dip,36,76,4,1.5,30,336,424,41.981,7.429,-2.405,2.066,13804.164,3804.164,38.042,24.666,1033.123,5162.902
279,acc_371,dip,36,68,12,3,30,72,286,48.601,7.573,-3.15,2.029,13799.577,3799.577,37.996,28.475,728.502,3627.202
280,acc_414,dip,40,64,12,5,40,168,261,65.9,6.648,-4.98,1.985,13783.965,3783.965,37.84,21.007,647.387,3210.836
281,acc_225,dip,28,72,5,2,50,72,118,49.153,10.683,-2.995,1.923,13727.881,3727.881,37.279,35.897,839.119,4239.629
282,acc_207,dip,28,60,12,5,10,336,110,76.364,8.369,-5.442,3.938,13700.743,3700.743,37.007,6.68,231.587,1176.712
283,acc_158,dip,25,64,2,1,10,336,93,61.29,10.369,-2.198,5.639,13689.749,3689.749,36.897,2.318,233.66,1193.888
284,acc_043,dip,15,80,12,5,80,0,9,44.444,100.116,-6.062,2.37,13664.338,3664.338,36.643,23.903,170.819,877.658
285,acc_219,dip,28,68,6,5,60,168,79,60.759,12.659,-5.32,1.74,13653.038,3653.038,36.53,32.107,557.204,2780.234
286,acc_252,dip,30,60,3,2,80,72,136,63.235,7.967,-3.285,1.997,13647.379,3647.379,36.474,32.913,1526.291,7640.637
287,acc_086,dip,18,76,15,1.5,10,72,20,55.0,40.972,-3.182,11.301,13636.463,3636.463,36.365,2.551,54.414,291.983
288,acc_268,dip,30,68,5,3,60,168,127,55.906,10.085,-4.071,1.76,13589.21,3589.21,35.892,34.805,796.837,4013.343
289,acc_148,dip,22,85,8,2,10,72,42,50.0,24.574,-3.45,5.392,13576.203,3576.203,35.762,3.33,105.976,544.085
290,acc_469,dip,45,68,8,1.5,30,168,762,26.509,13.659,-2.262,1.867,13566.456,3566.456,35.665,38.21,1236.978,6182.509
291,acc_429,dip,40,72,15,5,10,336,163,47.853,13.079,-5.499,2.564,13563.619,3563.619,35.636,10.886,202.137,989.386
292,acc_301,dip,33,60,2,1.5,80,72,237,60.338,5.835,-2.393,2.21,13557.77,3557.77,35.578,30.681,2283.102,11455.804
293,acc_122,dip,22,68,15,3,10,168,38,57.895,22.125,-5.089,4.827,13526.209,3526.209,35.262,6.947,94.177,484.508
294,acc_313,dip,33,64,10,2,50,0,221,47.964,8.042,-3.022,1.797,13474.487,3474.487,34.745,41.988,1022.328,5135.167
295,acc_263,dip,30,64,10,2,20,720,179,49.721,8.906,-3.315,2.113,13473.707,3473.707,34.737,19.973,534.231,2665.499
296,acc_135,dip,22,76,12,1,10,72,44,45.455,25.368,-2.999,5.263,13461.278,3461.278,34.613,3.787,112.839,578.083
297,acc_295,dip,30,85,3,5,10,168,144,71.528,7.722,-5.324,3.207,13433.155,3433.155,34.332,5.65,256.4,1300.321
298,acc_394,dip,36,85,2,3,30,336,400,69.5,4.668,-3.958,2.023,13399.683,3399.683,33.997,26.292,1065.719,5347.516
299,acc_382,dip,36,76,5,2,50,720,225,40.0,10.45,-2.965,1.956,13372.71,3372.71,33.727,26.51,639.875,3176.012
300,acc_210,dip,28,64,4,3,10,0,122,70.492,8.143,-4.513,3.504,13326.214,3326.214,33.262,7.89,247.821,1263.293
301,acc_099,dip,18,85,10,3,10,72,19,57.895,39.391,-4.467,8.63,13320.621,3320.621,33.206,3.284,50.303,269.716
302,acc_161,dip,25,64,5,5,10,0,67,71.642,11.825,-5.585,4.241,13314.298,3314.298,33.143,6.609,148.422,756.631
303,acc_271,dip,30,68,12,2,50,720,144,43.056,12.183,-3.406,1.714,13305.497,3305.497,33.055,36.55,703.538,3506.148
304,acc_433,dip,40,76,6,5,30,72,333,51.351,6.846,-3.467,1.986,13270.06,3270.06,32.701,25.634,645.663,3208.59
305,acc_319,dip,33,68,8,1,30,720,329,27.964,10.222,-1.894,2.01,13245.63,3245.63,32.456,31.971,937.696,4695.242
306,acc_379,dip,36,72,15,3,60,168,143,43.357,13.174,-3.913,2.019,13235.096,3235.096,32.351,25.103,465.161,2297.637
307,acc_259,dip,30,64,3,2,10,72,195,60.0,6.976,-2.914,3.12,13218.894,3218.894,32.189,5.478,385.663,1949.356
308,acc_034,dip,15,76,8,3,10,720,10,60.0,67.412,-6.213,10.97,13203.656,3203.656,32.037,2.771,28.412,159.017
309,acc_194,dip,25,85,2,2,10,720,83,66.265,10.306,-3.63,4.367,13202.205,3202.205,32.022,4.866,191.623,979.982
310,acc_383,dip,36,76,6,5,10,0,152,54.605,11.497,-5.893,2.524,13188.99,3188.99,31.89,12.541,203.882,998.458
311,acc_050,dip,15,85,12,5,10,0,8,62.5,78.863,-7.929,12.396,13150.083,3150.083,31.501,3.957,21.902,126.0
312,acc_470,dip,45,68,10,2,50,336,432,31.713,11.439,-2.783,1.805,13106.87,3106.87,31.069,34.193,863.143,4297.96
313,acc_338,dip,33,80,4,1,20,336,343,33.819,8.346,-1.863,2.199,13101.42,3101.42,31.014,26.013,827.86,4136.737
314,acc_223,dip,28,72,3,1,10,0,150,48.667,9.291,-2.081,3.671,13090.387,3090.387,30.904,6.427,302.611,1531.016
315,acc_374,dip,36,72,4,2,20,336,404,46.535,6.996,-2.887,1.982,13086.136,3086.136,30.861,23.972,766.743,3820.515
316,acc_400,dip,36,85,15,1.5,20,168,294,26.871,12.938,-2.578,2.058,13073.25,3073.25,30.732,28.388,480.871,2385.005
317,acc_197,dip,25,85,6,1.5,10,72,79,45.57,15.338,-2.758,3.797,13054.869,3054.869,30.549,5.315,179.339,910.77
318,acc_243,dip,28,80,15,1.5,10,720,110,24.545,24.376,-2.67,3.255,13042.173,3042.173,30.422,7.741,167.992,843.335
319,acc_174,dip,25,72,4,1.5,10,0,83,46.988,14.532,-2.781,3.669,13003.989,3003.989,30.04,5.406,189.72,969.415
320,acc_184,dip,25,76,8,5,10,168,56,50.0,19.423,-5.196,3.493,12994.594,2994.594,29.946,7.587,111.971,565.874
321,acc_344,dip,33,85,2,3,10,168,279,69.534,5.216,-3.983,2.705,12987.324,2987.324,29.873,8.87,474.396,2388.832
322,acc_398,dip,36,85,8,3,50,72,252,47.222,8.653,-3.078,1.886,12943.504,2943.504,29.435,30.24,769.257,3827.364
323,acc_317,dip,33,68,4,2,60,168,204,48.039,8.242,-2.955,1.737,12903.434,2903.434,29.034,43.711,1143.875,5714.743
324,acc_315,dip,33,68,2,1,20,72,403,50.372,5.049,-1.855,2.375,12879.674,2879.674,28.797,23.661,1250.823,6297.215
325,acc_367,dip,36,68,4,3,10,336,307,57.98,6.922,-3.92,2.301,12874.001,2874.001,28.74,12.315,425.823,2127.797
326,acc_220,dip,28,68,10,1.5,10,336,134,39.552,12.981,-2.627,2.924,12871.732,2871.732,28.717,8.032,250.906,1270.476
327,acc_318,dip,33,68,5,5,10,336,165,63.636,8.319,-5.453,2.466,12857.95,2857.95,28.58,10.214,254.933,1264.979
328,acc_171,dip,25,68,12,2,10,168,76,43.421,16.771,-3.21,3.269,12803.025,2803.025,28.03,7.62,163.853,831.737
329,acc_292,dip,30,80,12,1,10,720,167,21.557,19.819,-2.042,2.993,12730.227,2730.227,27.302,9.467,233.634,1156.862
330,acc_272,dip,30,68,15,5,10,0,119,60.504,10.66,-5.935,2.487,12727.738,2727.738,27.277,9.318,186.816,933.806
331,acc_206,dip,28,60,10,2,60,336,113,57.522,9.583,-3.588,1.733,12709.331,2709.331,27.093,38.678,960.333,4805.593
332,acc_311,dip,33,64,5,5,80,336,96,66.667,9.598,-5.257,1.688,12693.996,2693.996,26.94,39.599,823.234,4135.645
333,acc_233,dip,28,76,6,3,10,168,103,47.573,13.24,-4.204,2.66,12653.871,2653.871,26.539,9.622,185.149,938.186
334,acc_282,dip,30,76,5,2,10,168,176,44.886,10.289,-3.086,2.5,12628.966,2628.966,26.29,11.153,284.479,1427.003
335,acc_256,dip,30,60,10,3,10,720,164,66.463,6.927,-4.395,2.623,12610.147,2610.147,26.101,9.355,301.209,1512.646
336,acc_246,dip,28,85,5,1,10,72,146,42.466,10.624,-2.081,3.069,12607.785,2607.785,26.078,10.849,293.752,1484.282
337,acc_331,dip,33,76,4,1.5,10,336,297,39.394,8.376,-2.244,2.472,12554.836,2554.836,25.548,12.86,451.774,2256.955
338,acc_358,dip,36,64,2,1.5,30,168,559,58.318,4.355,-2.394,2.096,12549.936,2549.936,25.499,27.832,1685.714,8482.276
339,acc_308,dip,33,64,2,1.5,10,72,363,56.749,5.072,-2.269,2.68,12522.44,2522.44,25.224,9.793,656.798,3308.529
340,acc_446,dip,40,85,5,1.5,30,0,458,28.821,9.348,-2.266,1.917,12511.909,2511.909,25.119,26.9,788.626,3923.502
341,acc_216,dip,28,68,3,1,80,0,116,50.0,10.649,-2.223,1.968,12497.583,2497.583,24.976,31.651,1226.817,6133.1
342,acc_351,dip,36,60,2,2,20,168,527,65.465,4.123,-2.937,2.129,12496.726,2496.726,24.967,24.554,1267.491,6379.359
343,acc_1000,momentum,45,85,15,5,80,720,23,65.217,9.746,-6.152,4.09,12494.565,2494.565,24.946,10.388,133.444,622.113
344,acc_321,dip,33,68,12,3,10,0,191,44.503,10.557,-3.923,2.189,12485.648,2485.648,24.856,13.849,270.099,1336.612
345,acc_305,dip,33,60,8,2,10,720,281,55.872,6.09,-2.969,2.425,12469.397,2469.397,24.694,13.267,456.832,2294.363
346,acc_480,dip,45,76,3,1,60,0,1186,36.088,4.885,-1.777,1.869,12465.303,2465.303,24.653,58.711,3435.916,17239.0
347,acc_323,dip,33,72,3,1,50,168,334,39.222,7.01,-1.893,1.89,12424.203,2424.203,24.242,42.501,1695.644,8495.11
348,acc_476,dip,45,72,8,1,40,168,848,18.396,16.559,-1.783,1.821,12411.846,2411.846,24.118,47.03,1447.552,7238.105
349,acc_406,dip,40,60,10,5,10,72,385,67.013,4.946,-3.865,2.343,12382.972,2382.972,23.83,13.17,516.194,2581.684
350,acc_269,dip,30,68,8,1,10,336,204,32.843,11.641,-2.0,2.558,12378.512,2378.512,23.785,10.267,348.201,1745.686
351,acc_352,dip,36,60,3,3,40,336,361,67.59,4.946,-3.632,1.865,12352.938,2352.938,23.529,32.381,1316.56,6611.788
352,acc_439,dip,40,80,5,2,20,0,379,35.356,8.992,-2.835,1.861,12290.097,2290.097,22.901,23.496,580.426,2879.943
353,acc_431,dip,40,76,4,1.5,50,720,478,35.774,7.516,-2.274,1.852,12275.636,2275.636,22.756,33.063,1210.793,6044.265
354,acc_298,dip,30,85,8,2,80,720,84,30.952,22.643,-3.2,1.691,12248.017,2248.017,22.48,34.384,453.43,2232.734
355,acc_434,dip,40,76,10,1,50,168,469,18.977,11.784,-1.838,1.83,12243.16,2243.16,22.432,40.633,1020.506,5087.283
356,acc_362,dip,36,64,8,1.5,50,0,351,40.171,8.006,-2.462,1.802,12231.308,2231.308,22.313,30.24,1110.045,5548.328
357,acc_377,dip,36,72,10,1.5,20,72,429,36.131,7.576,-2.289,1.956,12218.886,2218.886,22.189,29.263,772.585,3850.599
358,acc_444,dip,40,85,2,3,50,720,453,69.757,4.416,-4.017,1.903,12189.554,2189.554,21.896,27.108,1360.686,6803.958
359,acc_494,dip,45,85,2,5,10,0,448,78.125,4.363,-6.065,2.293,12187.042,2187.042,21.87,8.639,548.966,2735.136
360,acc_334,dip,33,76,10,1,10,0,255,20.392,16.302,-2.045,2.285,12118.594,2118.594,21.186,15.518,330.406,1639.085
361,acc_324,dip,33,72,4,1.5,80,168,153,41.176,10.816,-2.417,1.787,12038.528,2038.528,20.385,38.633,1077.187,5370.727
362,acc_417,dip,40,68,4,3,30,720,390,54.359,6.428,-3.95,1.706,12028.17,2028.17,20.282,26.035,755.509,3764.476
363,acc_385,dip,36,76,12,1.5,50,72,324,35.185,8.308,-2.361,1.805,12022.923,2022.923,20.229,37.04,936.809,4667.414
364,acc_353,dip,36,60,4,5,60,336,190,71.579,6.62,-4.487,1.759,11999.748,1999.748,19.997,31.664,1027.123,5119.665
365,acc_354,dip,36,60,6,1.5,10,720,492,49.39,5.727,-2.397,2.17,11986.058,1986.058,19.861,16.112,705.694,3542.789
366,acc_432,dip,40,76,5,3,10,0,248,44.758,9.495,-3.963,1.977,11963.132,1963.132,19.631,13.405,306.364,1515.797
367,acc_440,dip,40,80,6,3,40,72,362,46.961,6.885,-3.243,1.692,11943.066,1943.066,19.431,34.466,805.046,4004.522
368,acc_393,dip,36,80,15,2,10,168,248,28.629,13.539,-3.042,2.004,11928.649,1928.649,19.286,21.118,300.399,1488.703
369,acc_442,dip,40,80,12,1.5,10,168,338,24.852,12.581,-2.33,2.03,11898.524,1898.524,18.985,17.698,398.053,1976.486
370,acc_468,dip,45,68,6,1,10,72,1122,25.312,10.238,-1.717,1.901,11765.944,1765.944,17.659,42.481,1331.066,6671.582
371,acc_423,dip,40,72,3,1.5,20,720,712,45.787,5.231,-2.294,1.981,11743.39,1743.39,17.434,24.586,1154.676,5774.924
372,acc_388,dip,36,80,4,1,40,720,449,33.63,7.84,-1.893,1.829,11742.264,1742.264,17.423,39.497,1261.951,6305.263
373,acc_249,dip,28,85,10,3,80,336,49,32.653,30.886,-4.458,1.486,11733.668,1733.668,17.337,36.767,394.757,1937.741
374,acc_800,momentum,30,85,15,3,60,0,65,36.923,12.036,-4.179,2.323,11663.429,1663.429,16.634,13.358,169.504,804.592
375,acc_213,dip,28,64,10,1.5,80,336,100,45.0,12.659,-2.699,1.702,11654.381,1654.381,16.544,31.975,927.048,4624.461
376,acc_378,dip,36,72,12,2,40,72,306,40.523,7.937,-2.819,1.665,11651.246,1651.246,16.512,39.569,825.615,4108.535
377,acc_370,dip,36,68,10,2,10,72,364,42.582,7.407,-2.726,1.962,11635.268,1635.268,16.353,21.463,484.093,2408.99
378,acc_793,momentum,30,80,15,5,50,0,73,50.685,10.606,-5.613,2.225,11569.063,1569.063,15.691,11.497,156.823,742.098
379,acc_413,dip,40,64,10,3,20,168,391,51.662,6.303,-3.766,1.674,11524.716,1524.716,15.247,26.682,622.538,3100.831
380,acc_889,momentum,36,80,5,5,80,720,60,61.667,6.183,-4.962,2.306,11452.942,1452.942,14.529,14.85,247.326,1195.911
381,acc_686,momentum,25,76,15,5,60,336,89,61.798,6.967,-5.358,2.257,11445.389,1445.389,14.454,10.701,209.542,1006.732
382,acc_355,dip,36,60,8,2,40,0,378,52.646,5.945,-2.999,1.673,11384.841,1384.841,13.848,39.124,1194.308,5983.832
383,acc_750,momentum,28,85,15,3,30,720,128,32.812,14.754,-3.884,1.925,11363.418,1363.418,13.634,13.386,191.24,919.384
384,acc_743,momentum,28,80,15,5,20,720,104,48.077,11.49,-5.205,2.146,11351.011,1351.011,13.51,9.984,139.545,663.315
385,acc_835,momentum,33,76,12,5,40,0,97,61.856,6.623,-5.339,2.378,11347.097,1347.097,13.471,8.763,172.023,819.14
386,acc_384,dip,36,76,10,1,30,72,479,26.931,8.665,-1.837,1.796,11345.857,1345.857,13.459,39.062,1007.44,5026.577
387,acc_164,dip,25,64,12,2,80,168,62,53.226,15.768,-3.475,1.609,11307.662,1307.662,13.077,34.903,768.573,3826.963
388,acc_327,dip,33,72,10,1,80,0,170,21.765,16.349,-2.034,1.788,11256.045,1256.045,12.56,40.625,851.601,4234.749
389,acc_548,momentum,15,85,8,5,40,720,121,56.198,8.576,-6.049,1.891,11249.008,1249.008,12.49,12.589,202.245,972.315
390,acc_421,dip,40,68,12,3,50,168,256,46.094,8.894,-3.678,1.561,11227.526,1227.526,12.275,29.323,608.952,3023.532
391,acc_449,dip,40,85,12,1,20,168,489,16.973,12.189,-1.829,1.747,11226.926,1226.926,12.269,35.385,697.154,3467.511
392,acc_792,momentum,30,80,12,3,20,720,157,40.127,10.556,-3.778,1.948,11224.144,1224.144,12.241,9.673,201.812,976.241
393,acc_842,momentum,33,80,12,3,50,0,101,44.554,9.487,-4.343,1.941,11212.146,1212.146,12.121,13.625,211.262,1016.603
394,acc_424,dip,40,72,4,2,40,720,422,44.313,6.956,-2.973,1.648,11204.238,1204.238,12.042,31.697,883.744,4400.522
395,acc_203,dip,28,60,4,3,80,0,87,71.264,9.41,-4.82,1.663,11199.235,1199.235,11.992,38.484,948.361,4776.427
396,acc_420,dip,40,68,10,2,30,168,386,36.788,8.366,-2.976,1.603,11172.724,1172.724,11.727,32.24,670.015,3325.995
397,acc_931,momentum,40,76,4,5,60,720,227,68.722,4.766,-5.061,1.946,11131.147,1131.147,11.311,12.314,455.563,2244.194
398,acc_380,dip,36,76,3,1,10,336,576,40.799,5.865,-1.856,2.027,11081.314,1081.314,10.813,21.614,804.281,4025.163
399,acc_797,momentum,30,85,6,5,60,336,112,61.607,6.217,-5.447,1.936,11069.249,1069.249,10.692,11.602,257.109,1246.072
400,acc_640,momentum,22,80,6,5,60,0,102,60.784,6.576,-5.499,1.812,11060.134,1060.134,10.601,11.042,245.992,1190.494
401,acc_496,dip,45,85,5,1.5,50,72,654,33.792,8.485,-2.06,1.751,11037.929,1037.929,10.379,38.147,1299.253,6489.584
402,acc_590,momentum,18,80,6,5,30,720,190,57.368,7.387,-5.566,1.738,11017.642,1017.642,10.176,10.772,264.247,1286.59
403,acc_361,dip,36,64,6,1,20,720,529,31.191,7.684,-1.841,1.783,11015.427,1015.427,10.154,35.384,998.163,4993.794
404,acc_946,momentum,40,85,5,5,40,0,192,63.021,6.137,-5.818,1.756,10985.766,985.766,9.858,13.169,308.879,1508.722
405,acc_357,dip,36,60,15,1,10,72,549,38.434,6.36,-1.86,1.961,10969.446,969.446,9.694,24.814,770.734,3860.884
406,acc_598,momentum,18,85,8,5,80,0,27,59.259,7.439,-5.814,2.219,10939.305,939.305,9.393,9.463,123.96,575.002
407,acc_540,momentum,15,80,6,5,10,336,157,59.873,7.0,-5.309,1.921,10937.662,937.662,9.377,6.701,177.735,868.642
408,acc_841,momentum,33,80,10,2,30,0,195,31.282,9.855,-2.867,1.74,10813.733,813.733,8.137,11.565,267.639,1303.681
409,acc_416,dip,40,68,3,2,10,720,515,49.903,5.42,-2.982,1.781,10808.496,808.496,8.085,20.683,650.861,3247.963
410,acc_304,dip,33,60,6,1,60,336,283,39.223,7.589,-1.987,1.684,10784.662,784.662,7.847,50.245,1562.888,7826.585
411,acc_849,momentum,33,85,12,2,60,0,116,27.586,11.081,-3.039,1.634,10717.689,717.689,7.177,15.932,271.807,1319.722
412,acc_392,dip,36,80,12,1,60,72,347,27.666,9.609,-1.847,1.717,10685.827,685.827,6.858,44.378,1086.053,5420.091
413,acc_896,momentum,36,85,5,5,10,720,146,59.589,6.823,-5.671,1.772,10666.346,666.346,6.663,6.409,164.193,800.416
414,acc_447,dip,40,85,6,2,50,72,397,40.806,6.86,-2.706,1.552,10665.8,665.8,6.658,43.245,945.129,4706.786
415,acc_881,momentum,36,76,4,5,40,336,319,63.009,4.901,-4.936,1.709,10638.91,638.91,6.389,15.865,468.733,2313.204
416,acc_366,dip,36,68,3,1.5,60,336,339,47.788,6.58,-2.427,1.722,10626.509,626.509,6.265,35.837,1205.423,6046.484
417,acc_632,momentum,22,76,5,5,20,720,236,62.288,5.025,-4.744,1.767,10594.147,594.147,5.941,7.897,292.597,1433.086
418,acc_457,dip,45,60,15,1,50,336,1159,32.873,4.986,-1.776,1.751,10584.722,584.722,5.847,62.819,2862.552,14361.01
419,acc_094,dip,18,85,2,1.5,40,168,20,70.0,4.149,-3.235,2.696,10570.386,570.386,5.704,7.227,156.844,791.818
420,acc_839,momentum,33,80,5,5,50,336,177,59.887,5.572,-5.229,1.675,10546.199,546.199,5.462,11.238,305.825,1491.724
421,acc_052,dip,18,60,3,1.5,50,168,20,65.0,4.51,-3.142,2.297,10534.057,534.057,5.341,8.985,187.902,947.861
422,acc_784,momentum,30,76,10,2,60,720,141,37.589,7.826,-2.845,1.662,10505.992,505.992,5.06,13.438,295.696,1439.57
423,acc_785,momentum,30,76,12,5,10,720,95,61.053,6.448,-5.457,1.845,10473.814,473.814,4.738,6.241,111.47,533.757
424,acc_834,momentum,33,76,10,3,20,0,200,43.0,7.721,-3.675,1.612,10460.501,460.501,4.605,9.886,248.793,1212.771
425,acc_369,dip,36,68,8,1,60,0,345,26.377,10.615,-1.935,1.611,10457.587,457.587,4.576,45.539,1080.429,5391.827
426,acc_585,momentum,18,76,12,2,80,0,89,43.82,6.672,-2.848,1.735,10416.702,416.702,4.167,18.466,333.451,1628.204
427,acc_419,dip,40,68,8,1.5,10,72,491,34.623,7.065,-2.227,1.717,10414.408,414.408,4.144,23.959,580.349,2892.883
428,acc_992,momentum,45,80,12,5,40,336,126,49.206,8.895,-5.427,1.492,10406.598,406.598,4.066,11.405,205.171,987.059
429,acc_495,dip,45,85,4,1,30,72,1214,29.654,8.806,-1.73,1.744,10336.579,336.579,3.366,53.442,2043.97,10238.839
430,acc_550,momentum,15,85,15,2,20,0,186,20.43,14.84,-2.962,1.46,10326.447,326.447,3.264,14.531,225.821,1097.0
431,acc_438,dip,40,80,4,1,80,0,350,31.143,8.848,-1.998,1.585,10285.097,285.097,2.851,49.087,1397.284,6978.936
432,acc_533,momentum,15,76,6,5,80,336,61,62.295,5.517,-5.354,1.608,10281.927,281.927,2.819,14.548,239.166,1153.788
433,acc_977,momentum,45,72,10,5,80,168,137,55.474,5.245,-4.313,1.655,10268.365,268.365,2.684,13.919,445.916,2193.754
434,acc_067,dip,18,68,4,1.5,20,336,20,60.0,4.883,-2.947,2.234,10208.265,208.265,2.083,3.653,77.139,389.067
435,acc_799,momentum,30,85,12,2,30,720,222,25.676,12.645,-2.939,1.445,10176.668,176.668,1.767,14.104,299.6,1464.152
436,acc_081,dip,18,76,3,5,40,336,18,72.222,3.993,-4.63,1.826,10162.926,162.926,1.629,10.423,127.385,641.584
437,acc_674,momentum,25,72,4,5,10,720,231,66.234,4.18,-4.541,1.721,10151.31,151.31,1.513,7.782,253.653,1249.881
438,acc_536,momentum,15,76,15,3,80,0,63,49.206,6.461,-3.993,1.539,10147.733,147.733,1.477,19.529,256.86,1243.964
439,acc_054,dip,18,60,5,5,20,336,19,73.684,3.913,-4.84,1.995,10131.115,131.115,1.311,5.398,71.881,362.233
440,acc_071,dip,18,68,12,1.5,40,0,20,50.0,5.782,-3.25,1.696,10125.939,125.939,1.259,8.744,138.847,699.055
441,acc_056,dip,18,60,10,1.5,80,0,20,55.0,4.876,-3.182,1.73,10115.724,115.724,1.157,15.277,252.089,1268.625
442,acc_033,dip,15,76,6,1.5,60,336,11,54.545,5.951,-3.521,1.67,10111.462,111.462,1.115,8.64,128.282,645.836
443,acc_592,momentum,18,80,12,2,10,0,160,26.875,11.113,-2.933,1.417,10081.687,81.687,0.817,9.508,177.068,864.432
444,acc_075,dip,18,72,5,1.5,50,336,20,55.0,5.067,-3.048,1.698,10074.4,74.4,0.744,8.985,169.767,854.329
445,acc_543,momentum,15,80,15,3,10,0,108,30.556,11.739,-4.045,1.327,10073.859,73.859,0.739,9.295,124.168,597.732
446,acc_950,momentum,40,85,15,5,50,336,86,39.535,10.543,-5.53,1.25,10061.843,61.843,0.618,13.95,169.782,808.025
447,acc_061,dip,18,64,5,3,30,336,19,73.684,3.94,-5.412,1.712,10060.926,60.926,0.609,8.413,101.649,511.616
448,acc_700,momentum,25,85,15,3,10,336,122,27.049,13.733,-3.858,1.336,10059.657,59.657,0.597,11.23,137.19,663.686
449,acc_025,dip,15,72,5,1.5,30,168,11,54.545,5.568,-3.521,1.677,10046.45,46.45,0.465,4.372,65.219,328.296
450,acc_044,dip,15,85,2,1.5,20,72,11,63.636,4.371,-3.756,1.842,10041.281,41.281,0.413,2.911,43.586,219.451
451,acc_063,dip,18,64,10,1.5,10,0,20,55.0,5.013,-3.182,1.823,10039.795,39.795,0.398,2.553,39.07,196.73
452,acc_096,dip,18,85,4,5,10,336,17,70.588,4.348,-5.843,1.7,10036.447,36.447,0.364,3.055,32.493,163.626
453,acc_021,dip,15,68,12,1.5,10,720,11,54.545,5.663,-3.521,1.798,10034.037,34.037,0.34,1.46,22.002,110.844
454,acc_002,dip,15,60,3,1.5,30,72,11,54.545,5.476,-3.521,1.647,10030.142,30.142,0.301,4.372,65.22,328.22
455,acc_547,momentum,15,85,6,3,20,336,272,41.544,7.611,-3.661,1.433,10025.343,25.343,0.253,15.527,329.78,1619.854
456,acc_006,dip,15,60,10,1.5,40,720,11,54.545,5.476,-3.521,1.606,10015.017,15.017,0.15,5.805,86.286,434.105
457,acc_693,momentum,25,80,15,3,80,336,42,45.238,9.008,-3.598,1.443,10011.306,11.306,0.113,13.965,186.592,889.846
458,acc_073,dip,18,72,2,5,10,168,18,72.222,3.622,-5.161,1.707,10007.026,7.026,0.07,2.661,35.211,177.152
459,acc_988,momentum,45,80,4,5,30,0,269,60.967,5.32,-5.671,1.454,9993.408,-6.592,-0.066,15.904,360.055,1767.769
460,acc_090,dip,18,80,6,1.5,20,720,20,45.0,6.001,-3.108,1.544,9981.435,-18.565,-0.186,4.66,74.372,374.007
461,acc_060,dip,18,64,4,2,10,168,19,63.158,4.195,-4.226,1.544,9979.253,-20.747,-0.207,2.943,36.664,184.32
462,acc_010,dip,15,64,4,1.5,60,72,11,54.545,5.53,-3.521,1.539,9963.909,-36.091,-0.361,8.646,127.009,638.693
463,acc_088,dip,18,80,3,3,50,336,19,68.421,4.036,-5.469,1.534,9963.285,-36.715,-0.367,13.15,167.319,841.453
464,acc_080,dip,18,76,2,3,20,168,19,73.684,3.555,-5.922,1.551,9958.991,-41.009,-0.41,5.397,73.198,367.992
465,acc_363,dip,36,64,10,2,80,72,205,44.39,9.125,-2.959,1.424,9947.63,-52.37,-0.524,53.528,1280.962,6423.9
466,acc_011,dip,15,64,5,3,10,168,10,70.0,3.582,-6.365,1.225,9944.433,-55.567,-0.556,2.425,19.762,99.126
467,acc_682,momentum,25,76,5,5,50,0,192,59.896,5.07,-5.232,1.43,9931.746,-68.254,-0.683,14.334,333.221,1630.022
468,acc_031,dip,15,76,3,5,20,168,9,66.667,4.322,-6.247,1.249,9918.976,-81.024,-0.81,4.837,35.263,176.971
469,acc_057,dip,18,60,12,3,20,0,19,68.421,3.785,-5.353,1.439,9916.124,-83.876,-0.839,5.976,70.571,354.559
470,acc_058,dip,18,60,15,5,40,72,19,68.421,3.785,-4.877,1.517,9904.229,-95.771,-0.958,10.665,131.24,659.678
471,acc_083,dip,18,76,6,2,10,720,19,52.632,4.924,-4.509,1.138,9874.442,-125.558,-1.256,3.532,36.115,181.033
472,acc_356,dip,36,60,10,3,60,72,246,58.537,6.607,-3.601,1.497,9873.757,-126.243,-1.262,42.737,1091.755,5480.406
473,acc_051,dip,18,60,2,1,30,72,20,65.0,3.517,-3.737,1.557,9869.814,-130.186,-1.302,7.918,114.517,575.382
474,acc_008,dip,15,60,15,5,20,0,10,70.0,3.536,-6.365,1.163,9868.211,-131.789,-1.318,4.832,39.007,195.548
475,acc_047,dip,15,85,6,1,10,336,11,36.364,5.924,-3.671,0.859,9854.717,-145.283,-1.453,3.422,21.651,108.18
476,acc_014,dip,15,64,12,1.5,80,720,11,54.545,5.53,-3.521,1.457,9851.522,-148.478,-1.485,11.439,165.437,831.429
477,acc_739,momentum,28,80,5,5,10,72,303,51.155,5.238,-3.477,1.514,9851.1,-148.9,-1.489,14.179,328.561,1626.047
478,acc_024,dip,15,72,4,1,10,168,11,45.455,4.21,-4.06,0.799,9842.123,-157.877,-1.579,3.062,21.617,107.943
479,acc_337,dip,33,80,2,3,80,168,154,68.182,6.658,-4.284,1.519,9830.247,-169.753,-1.698,47.109,1214.525,6100.763
480,acc_037,dip,15,80,2,2,10,72,10,60.0,3.039,-5.989,0.698,9829.211,-170.789,-1.708,2.696,19.56,97.532
481,acc_778,momentum,30,72,12,5,80,720,48,66.667,4.394,-5.537,1.36,9816.197,-183.803,-1.838,9.976,171.19,812.37
482,acc_087,dip,18,80,2,2,30,168,19,68.421,3.517,-4.846,1.398,9812.633,-187.367,-1.874,7.75,106.958,537.073
483,acc_735,momentum,28,76,12,3,60,336,131,41.221,7.784,-4.11,1.328,9811.823,-188.177,-1.882,15.131,287.273,1398.653
484,acc_426,dip,40,72,8,1,20,72,715,25.455,7.108,-1.818,1.62,9809.325,-190.675,-1.907,43.546,1042.071,5202.712
485,acc_408,dip,40,64,2,1.5,50,336,664,55.572,4.128,-2.411,1.822,9801.032,-198.968,-1.99,38.691,1943.398,9732.851
486,acc_728,momentum,28,72,12,5,50,336,176,53.409,5.525,-4.301,1.434,9796.084,-203.916,-2.039,14.42,317.012,1548.337
487,acc_012,dip,15,64,6,5,30,336,10,70.0,3.582,-6.365,1.138,9792.321,-207.679,-2.077,7.204,57.653,288.959
488,acc_015,dip,15,64,15,3,30,0,10,70.0,3.582,-6.365,1.138,9792.321,-207.679,-2.077,7.204,57.653,288.959
489,acc_062,dip,18,64,6,5,50,720,19,68.421,3.841,-4.877,1.414,9787.678,-212.322,-2.123,13.591,151.363,760.312
490,acc_239,dip,28,80,5,1,80,72,103,40.777,13.319,-2.261,1.525,9783.477,-216.523,-2.165,46.464,1040.574,5193.61
491,acc_636,momentum,22,76,15,5,40,168,189,50.794,6.392,-4.423,1.376,9779.221,-220.779,-2.208,17.765,291.623,1421.691
492,acc_575,momentum,18,72,5,5,60,336,226,59.292,4.636,-4.166,1.499,9763.3,-236.7,-2.367,14.803,444.973,2190.812
493,acc_089,dip,18,80,4,5,80,336,17,70.588,4.4,-4.63,1.395,9762.651,-237.349,-2.373,20.242,195.203,980.71
494,acc_065,dip,18,64,15,3,50,72,19,68.421,3.935,-5.353,1.37,9761.183,-238.817,-2.388,13.841,150.797,757.33
495,acc_582,momentum,18,76,5,3,80,336,123,51.22,5.234,-3.623,1.423,9750.203,-249.797,-2.498,20.224,398.172,1953.706
496,acc_938,momentum,40,80,4,3,80,720,155,54.839,4.699,-3.909,1.493,9749.82,-250.18,-2.502,15.774,489.357,2413.383
497,acc_999,momentum,45,85,12,3,50,336,127,32.283,10.471,-3.75,1.239,9747.13,-252.87,-2.529,19.189,239.521,1159.308
498,acc_445,dip,40,85,4,1,10,0,551,29.401,7.457,-1.92,1.611,9743.441,-256.559,-2.566,28.108,655.382,3270.36
499,acc_066,dip,18,68,2,5,80,168,18,72.222,3.622,-5.161,1.475,9741.088,-258.912,-2.589,20.1,242.239,1217.2
500,acc_789,momentum,30,80,5,5,30,168,278,53.957,5.756,-4.722,1.365,9701.18,-298.82,-2.988,17.926,366.358,1800.257
501,acc_019,dip,15,68,6,3,40,336,10,70.0,3.939,-7.215,1.084,9695.317,-304.683,-3.047,9.533,75.796,379.733
502,acc_064,dip,18,64,12,2,30,0,19,57.895,4.264,-4.33,1.182,9682.662,-317.338,-3.173,8.813,98.919,495.985
503,acc_404,dip,40,60,6,1.5,40,0,588,44.388,5.437,-2.35,1.63,9673.527,-326.473,-3.265,40.625,1313.192,6561.659
504,acc_942,momentum,40,80,12,5,20,168,173,43.931,8.11,-4.769,1.244,9665.874,-334.126,-3.341,19.087,219.853,1066.886
505,acc_749,momentum,28,85,12,2,10,336,171,22.807,12.028,-2.819,1.247,9664.41,-335.59,-3.356,13.051,188.214,920.832
506,acc_005,dip,15,60,8,1,20,336,11,45.455,4.1,-4.06,0.75,9662.994,-337.006,-3.37,6.005,42.633,212.756
507,acc_265,dip,30,64,15,5,80,0,76,61.842,11.721,-5.66,1.249,9661.701,-338.299,-3.383,44.918,566.821,2808.928
508,acc_365,dip,36,68,2,1,40,168,580,50.69,4.522,-1.906,1.785,9659.229,-340.771,-3.408,48.073,1957.902,9824.545
509,acc_070,dip,18,68,10,1,20,0,20,40.0,5.332,-3.132,1.036,9657.44,-342.56,-3.426,7.584,73.722,369.111
510,acc_038,dip,15,80,3,3,30,168,10,60.0,4.415,-6.212,0.913,9654.169,-345.831,-3.458,7.832,55.852,279.206
511,acc_018,dip,15,68,5,2,20,168,10,50.0,4.21,-5.308,0.712,9652.202,-347.798,-3.478,6.267,38.544,192.132
512,acc_360,dip,36,64,4,3,80,336,179,56.425,8.102,-3.855,1.378,9608.883,-391.117,-3.911,56.005,1212.76,6086.231
513,acc_900,momentum,36,85,15,5,30,168,185,44.324,8.744,-5.007,1.232,9605.963,-394.037,-3.94,18.706,250.769,1217.669
514,acc_074,dip,18,72,4,1,30,336,20,50.0,4.343,-3.145,1.152,9600.495,-399.505,-3.995,9.068,108.476,543.641
515,acc_525,momentum,15,72,5,5,40,168,325,59.385,4.345,-4.079,1.478,9573.268,-426.732,-4.267,13.349,462.65,2282.09
516,acc_747,momentum,28,85,6,5,40,168,219,55.251,5.495,-5.073,1.301,9568.308,-431.692,-4.317,19.377,316.842,1548.714
517,acc_359,dip,36,64,3,2,50,336,358,55.587,5.759,-2.967,1.515,9563.846,-436.154,-4.362,43.927,1270.122,6363.398
518,acc_068,dip,18,68,5,2,40,336,19,57.895,4.499,-4.44,1.105,9520.262,-479.738,-4.797,13.12,124.214,622.402
519,acc_097,dip,18,85,6,1,30,720,20,35.0,6.675,-2.994,1.041,9517.117,-482.883,-4.829,11.832,105.477,528.139
520,acc_350,dip,33,85,15,1,80,72,172,26.163,13.718,-2.005,1.485,9507.932,-492.068,-4.921,49.663,1008.514,5025.776
521,acc_877,momentum,36,72,10,5,30,0,209,54.067,5.624,-5.059,1.267,9503.355,-496.645,-4.966,14.34,280.518,1368.743
522,acc_059,dip,18,64,3,1,60,168,20,60.0,3.9,-3.593,1.312,9495.499,-504.501,-5.045,15.855,207.958,1043.524
523,acc_020,dip,15,68,8,5,60,720,9,66.667,4.102,-6.378,0.99,9494.527,-505.473,-5.055,14.078,98.655,493.712
524,acc_949,momentum,40,85,12,3,30,168,235,37.447,8.141,-3.617,1.262,9480.087,-519.913,-5.199,20.832,318.397,1559.378
525,acc_095,dip,18,85,3,2,60,336,19,57.895,4.177,-4.358,1.224,9459.292,-540.708,-5.407,17.086,192.941,967.806
526,acc_791,momentum,30,80,10,1.5,80,720,57,24.561,6.499,-2.341,1.151,9457.245,-542.755,-5.428,10.956,217.208,1043.93
527,acc_643,momentum,22,80,15,3,50,168,187,39.037,7.547,-3.55,1.275,9450.886,-549.114,-5.491,14.95,335.102,1638.917
528,acc_850,momentum,33,85,15,5,10,72,229,41.048,6.905,-3.747,1.234,9443.909,-556.091,-5.561,14.928,249.531,1228.443
529,acc_430,dip,40,76,3,1,30,720,826,39.346,5.199,-1.807,1.729,9434.654,-565.346,-5.653,42.625,1568.636,7853.763
530,acc_032,dip,15,76,5,1,40,168,11,45.455,4.669,-4.06,0.808,9392.284,-607.716,-6.077,11.847,83.181,415.359
531,acc_046,dip,15,85,4,3,60,168,10,60.0,4.956,-6.212,0.928,9376.124,-623.876,-6.239,15.587,102.839,514.161
532,acc_742,momentum,28,80,12,2,80,336,101,29.703,8.911,-3.092,1.277,9370.004,-629.996,-6.3,18.651,358.435,1753.991
533,acc_589,momentum,18,80,5,3,10,336,247,41.296,6.278,-3.585,1.228,9367.573,-632.427,-6.324,14.233,266.264,1312.708
534,acc_314,dip,33,64,12,3,80,0,119,51.261,10.709,-4.118,1.294,9365.786,-634.214,-6.342,52.706,754.813,3760.41
535,acc_827,momentum,33,72,10,3,80,720,136,46.324,5.589,-3.575,1.325,9360.657,-639.343,-6.393,15.279,418.153,2055.191
536,acc_072,dip,18,68,15,2,60,72,19,57.895,4.388,-4.59,1.094,9355.821,-644.179,-6.442,16.784,162.33,813.308
537,acc_016,dip,15,68,2,5,50,72,10,70.0,3.183,-7.161,0.825,9353.598,-646.402,-6.464,11.811,91.533,457.177
538,acc_055,dip,18,60,8,1,40,720,20,50.0,4.128,-3.538,1.028,9351.539,-648.461,-6.485,11.75,136.837,685.05
539,acc_069,dip,18,68,6,3,60,720,19,63.158,4.455,-5.504,1.085,9347.017,-652.983,-6.53,18.707,164.274,823.042
540,acc_535,momentum,15,76,12,2,40,720,214,33.178,7.748,-3.035,1.218,9325.467,-674.533,-6.745,15.938,325.91,1594.287
541,acc_009,dip,15,64,3,1,40,72,11,45.455,4.164,-4.06,0.711,9300.979,-699.021,-6.99,11.74,82.59,411.927
542,acc_022,dip,15,68,15,2,40,0,10,50.0,4.323,-5.308,0.675,9278.867,-721.133,-7.211,12.249,74.335,370.293
543,acc_995,momentum,45,85,4,3,40,0,363,47.107,5.503,-3.956,1.331,9263.057,-736.943,-7.369,20.711,533.568,2639.11
544,acc_529,momentum,15,72,15,5,60,0,102,51.961,5.094,-4.584,1.075,9261.591,-738.409,-7.384,15.809,216.322,1040.91
545,acc_039,dip,15,80,4,5,50,168,9,55.556,4.699,-6.258,0.728,9257.887,-742.113,-7.421,14.225,78.576,391.518
546,acc_685,momentum,25,76,12,3,40,168,253,45.059,6.405,-3.844,1.267,9250.255,-749.745,-7.497,18.946,378.271,1857.832
547,acc_597,momentum,18,85,6,3,40,720,220,39.091,6.881,-3.805,1.191,9204.474,-795.526,-7.955,16.861,318.449,1556.533
548,acc_527,momentum,15,72,10,2,10,720,259,36.68,5.743,-2.678,1.19,9194.953,-805.047,-8.05,11.832,280.086,1382.816
549,acc_004,dip,15,60,5,3,80,168,10,70.0,3.536,-6.365,0.933,9193.655,-806.345,-8.063,18.501,140.015,700.242
550,acc_023,dip,15,72,2,3,60,72,10,70.0,3.183,-7.161,0.792,9193.484,-806.516,-8.065,14.077,107.535,536.865
551,acc_053,dip,18,60,4,2,80,168,18,61.111,4.239,-4.226,1.132,9175.92,-824.08,-8.241,20.575,223.772,1121.468
552,acc_045,dip,15,85,3,2,40,168,10,40.0,4.993,-4.957,0.584,9160.284,-839.716,-8.397,13.708,71.264,354.249
553,acc_003,dip,15,60,4,2,50,72,10,50.0,4.1,-4.892,0.668,9131.208,-868.792,-8.688,14.126,91.124,454.003
554,acc_831,momentum,33,76,4,5,20,168,300,56.667,4.616,-4.773,1.24,9113.792,-886.208,-8.862,19.515,358.309,1763.747
555,acc_013,dip,15,64,10,1,50,720,11,45.455,4.164,-4.06,0.685,9104.494,-895.506,-8.955,14.511,101.416,505.635
556,acc_945,momentum,40,85,4,3,10,720,245,44.49,5.642,-3.964,1.122,9092.679,-907.321,-9.073,15.21,266.702,1315.444
557,acc_984,momentum,45,76,10,5,10,168,166,46.386,5.88,-4.976,0.98,9062.98,-937.02,-9.37,14.342,183.835,899.479
558,acc_026,dip,15,72,6,2,50,336,10,50.0,4.21,-5.308,0.638,9060.862,-939.138,-9.391,15.141,90.918,452.613
559,acc_798,momentum,30,85,10,1.5,10,720,241,18.257,11.66,-2.352,1.085,9055.705,-944.295,-9.443,15.168,259.801,1281.21
560,acc_998,momentum,45,85,10,2,30,336,270,24.815,10.904,-2.986,1.171,9034.101,-965.899,-9.659,21.854,364.551,1790.893
561,acc_678,momentum,25,72,12,5,30,168,254,50.394,5.198,-4.247,1.174,9007.764,-992.236,-9.922,20.374,322.43,1578.337
562,acc_465,dip,45,68,2,1.5,10,720,901,51.609,3.869,-2.269,1.706,8995.669,-1004.331,-10.043,29.081,1041.91,5222.072
563,acc_820,momentum,33,68,10,5,60,720,276,57.609,3.955,-3.681,1.377,8994.413,-1005.587,-10.056,15.487,515.152,2543.644
564,acc_734,momentum,28,76,10,2,40,336,251,33.865,6.864,-2.952,1.172,8993.677,-1006.323,-10.063,20.999,373.664,1834.734
565,acc_677,momentum,25,72,10,3,10,168,232,40.517,5.449,-3.297,1.089,8993.447,-1006.553,-10.066,11.968,251.881,1241.32
566,acc_571,momentum,18,68,12,5,50,0,293,58.362,3.959,-3.687,1.36,8990.756,-1009.244,-10.092,17.712,479.412,2364.528
567,acc_401,dip,40,60,2,2,40,336,635,63.622,3.78,-3.029,1.621,8986.663,-1013.337,-10.133,44.391,1618.789,8103.808
568,acc_732,momentum,28,76,5,5,80,72,195,53.333,4.268,-3.296,1.429,8980.05,-1019.95,-10.199,17.994,541.736,2676.416
569,acc_599,momentum,18,85,12,1.5,20,0,270,17.037,12.758,-2.47,1.09,8977.387,-1022.613,-10.226,18.67,318.013,1560.161
570,acc_226,dip,28,72,6,3,80,168,70,48.571,16.078,-4.321,1.195,8972.707,-1027.293,-10.273,47.04,590.656,2929.706
571,acc_644,momentum,22,85,2,5,80,336,209,72.727,2.93,-5.429,1.471,8953.946,-1046.054,-10.461,18.378,595.422,2946.766
572,acc_639,momentum,22,80,5,3,30,720,315,43.492,6.192,-3.804,1.188,8945.562,-1054.438,-10.544,19.864,402.382,1980.882
573,acc_991,momentum,45,80,10,3,20,336,258,31.008,9.467,-3.841,1.08,8941.417,-1058.583,-10.586,21.44,311.725,1529.125
574,acc_082,dip,18,76,5,1,60,336,20,45.0,4.763,-2.957,0.943,8935.372,-1064.628,-10.646,19.594,191.441,957.628
575,acc_007,dip,15,60,12,2,60,720,10,50.0,4.1,-4.892,0.642,8931.94,-1068.06,-10.681,16.771,107.001,532.864
576,acc_521,momentum,15,68,12,5,20,720,357,55.742,4.005,-3.755,1.275,8921.422,-1078.578,-10.786,15.89,415.451,2050.706
577,acc_876,momentum,36,72,8,3,10,0,206,40.777,5.397,-3.64,0.99,8915.831,-1084.169,-10.842,11.878,224.177,1101.283
578,acc_532,momentum,15,76,5,3,50,168,356,47.472,5.025,-3.652,1.299,8901.76,-1098.24,-10.982,21.007,543.028,2685.501
579,acc_647,momentum,22,85,6,3,80,0,81,41.975,6.424,-4.062,1.056,8888.452,-1111.548,-11.115,16.941,282.962,1376.157
580,acc_724,momentum,28,72,4,5,40,0,300,61.667,3.71,-4.65,1.246,8876.874,-1123.126,-11.231,19.02,416.365,2049.07
581,acc_528,momentum,15,72,12,3,30,720,279,43.728,5.123,-3.531,1.133,8862.138,-1137.862,-11.379,20.26,352.052,1728.02
582,acc_883,momentum,36,76,8,2,20,0,279,30.108,6.775,-2.834,1.086,8857.29,-1142.71,-11.427,15.251,328.847,1614.335
583,acc_899,momentum,36,85,12,3,10,72,272,35.294,6.237,-3.008,1.093,8855.582,-1144.418,-11.444,21.946,291.853,1441.598
584,acc_873,momentum,36,72,3,5,10,336,257,62.257,3.391,-5.06,1.073,8849.935,-1150.065,-11.501,13.291,275.797,1360.802
585,acc_973,momentum,45,72,3,5,60,0,241,63.9,3.343,-4.826,1.304,8842.251,-1157.749,-11.577,15.832,468.519,2309.511
586,acc_403,dip,40,60,5,1,10,720,687,34.498,5.569,-1.817,1.533,8840.165,-1159.835,-11.598,34.932,829.417,4147.088
587,acc_542,momentum,15,80,12,1.5,50,720,217,21.659,8.697,-2.376,1.087,8798.678,-1201.322,-12.013,18.696,362.343,1775.439
588,acc_667,momentum,25,68,4,5,80,720,230,64.783,3.244,-3.679,1.477,8784.304,-1215.696,-12.157,19.449,677.268,3357.991
589,acc_534,momentum,15,76,10,1.5,20,720,372,26.882,8.077,-2.426,1.187,8778.438,-1221.562,-12.216,20.075,431.322,2130.137
590,acc_848,momentum,33,85,10,1.5,40,0,292,19.178,11.33,-2.307,1.156,8769.476,-1230.524,-12.305,20.023,419.481,2065.696
591,acc_076,dip,18,72,6,2,80,720,18,50.0,4.945,-4.509,0.888,8758.093,-1241.907,-12.419,22.812,191.927,959.182
592,acc_650,momentum,22,85,15,2,60,168,190,29.474,8.58,-2.859,1.132,8753.367,-1246.633,-12.466,24.522,385.285,1891.175
593,acc_770,momentum,30,68,10,5,40,336,336,55.357,3.803,-3.513,1.284,8749.826,-1250.174,-12.502,16.187,478.433,2361.183
594,acc_697,momentum,25,85,6,5,20,72,375,46.933,5.224,-3.824,1.186,8731.329,-1268.671,-12.687,24.573,426.054,2104.357
595,acc_965,momentum,45,68,2,5,20,720,611,64.484,3.348,-3.959,1.454,8701.133,-1298.867,-12.989,28.38,725.177,3609.195
596,acc_544,momentum,15,85,2,5,30,72,672,63.244,3.712,-4.181,1.442,8674.605,-1325.395,-13.254,31.731,828.05,4122.41
597,acc_777,momentum,30,72,10,3,50,720,241,45.643,4.901,-3.59,1.121,8664.4,-1335.6,-13.356,18.225,390.754,1919.054
598,acc_689,momentum,25,80,5,3,60,0,197,43.147,5.699,-3.876,1.097,8661.271,-1338.729,-13.387,19.697,381.068,1870.4
599,acc_716,momentum,28,68,3,5,10,0,320,60.938,3.021,-3.964,1.126,8655.188,-1344.812,-13.448,15.432,344.104,1703.754
600,acc_586,momentum,18,76,15,5,20,72,313,47.284,4.807,-3.619,1.108,8631.78,-1368.22,-13.682,25.374,371.661,1830.669
601,acc_563,momentum,18,64,10,5,10,720,409,57.213,2.846,-2.767,1.286,8629.319,-1370.681,-13.707,15.304,436.018,2165.833
602,acc_578,momentum,18,72,12,3,60,0,191,42.932,5.397,-3.532,1.063,8611.567,-1388.433,-13.884,17.649,356.075,1743.439
603,acc_948,momentum,40,85,10,2,10,168,259,24.324,8.704,-2.799,0.971,8601.819,-1398.181,-13.982,21.294,278.704,1375.952
604,acc_866,momentum,36,68,3,5,80,336,290,64.828,2.914,-3.454,1.503,8592.622,-1407.378,-14.074,17.987,733.013,3638.113
605,acc_681,momentum,25,76,4,3,20,720,405,48.642,4.913,-3.874,1.183,8575.224,-1424.776,-14.248,21.064,470.513,2328.069
606,acc_617,momentum,22,68,4,5,50,336,384,59.115,3.366,-3.313,1.377,8556.64,-1443.36,-14.434,17.258,620.071,3072.333
607,acc_584,momentum,18,76,10,1.5,50,0,323,26.625,8.221,-2.394,1.185,8546.948,-1453.052,-14.531,22.434,513.696,2537.26
608,acc_628,momentum,22,72,12,5,10,72,261,46.743,4.083,-3.538,0.967,8537.747,-1462.253,-14.623,17.643,281.166,1389.112
609,acc_720,momentum,28,68,10,5,20,168,352,53.409,3.783,-3.739,1.141,8518.075,-1481.925,-14.819,20.203,411.922,2033.127
610,acc_890,momentum,36,80,8,1.5,30,0,349,23.209,8.903,-2.36,1.127,8503.553,-1496.447,-14.964,22.596,446.516,2202.921
611,acc_017,dip,15,68,4,1,80,168,11,45.455,4.21,-4.06,0.616,8492.657,-1507.343,-15.073,22.589,152.622,760.137
612,acc_262,dip,30,64,8,1,80,336,138,36.957,12.246,-2.205,1.353,8462.619,-1537.381,-15.374,50.226,1071.484,5340.618
613,acc_888,momentum,36,80,4,3,50,336,359,45.125,5.144,-3.821,1.218,8458.595,-1541.405,-15.414,29.506,599.113,2966.916
614,acc_847,momentum,33,85,8,1,10,720,321,17.134,9.741,-1.941,1.003,8429.139,-1570.861,-15.709,20.674,343.633,1701.892
615,acc_762,momentum,30,64,8,5,10,336,383,56.919,2.782,-3.013,1.157,8423.423,-1576.577,-15.766,17.293,410.571,2038.673
616,acc_923,momentum,40,72,3,5,30,720,344,64.535,3.336,-5.079,1.146,8417.153,-1582.847,-15.828,21.808,439.916,2169.282
617,acc_838,momentum,33,80,4,3,30,168,440,48.864,4.831,-3.657,1.213,8413.26,-1586.74,-15.867,23.64,563.226,2789.585
618,acc_030,dip,15,76,2,2,80,72,10,60.0,3.039,-5.989,0.501,8403.117,-1596.883,-15.969,20.316,133.456,663.281
619,acc_925,momentum,40,72,6,2,10,0,276,34.783,5.222,-2.877,0.935,8399.856,-1600.144,-16.001,17.637,297.84,1471.289
620,acc_040,dip,15,80,6,1,80,336,11,36.364,5.227,-3.671,0.59,8388.488,-1611.512,-16.115,24.881,153.268,762.864
621,acc_846,momentum,33,85,5,3,60,336,240,43.333,5.733,-3.933,1.087,8377.043,-1622.957,-16.23,21.047,427.758,2104.537
622,acc_517,momentum,15,68,4,5,10,72,353,53.824,3.036,-3.058,1.078,8328.231,-1671.769,-16.718,18.54,377.881,1874.069
623,acc_275,dip,30,72,5,2,80,168,91,39.56,15.176,-3.191,1.154,8317.757,-1682.243,-16.822,52.58,659.898,3270.605
624,acc_731,momentum,28,76,4,3,50,0,353,48.159,4.9,-3.828,1.166,8292.392,-1707.608,-17.076,25.044,544.42,2692.338
625,acc_796,momentum,30,85,5,3,40,168,314,43.631,5.41,-3.67,1.073,8264.829,-1735.171,-17.352,23.11,441.105,2173.526
626,acc_453,dip,45,60,5,1,40,0,1163,33.19,4.808,-1.747,1.627,8205.698,-1794.302,-17.943,61.469,2224.549,11152.017
627,acc_567,momentum,18,68,4,5,30,168,490,59.184,3.436,-3.802,1.248,8185.202,-1814.798,-18.148,21.64,608.341,3016.411
628,acc_788,momentum,30,80,4,3,10,72,367,43.597,4.462,-3.299,1.004,8131.198,-1868.802,-18.688,23.81,388.811,1928.53
629,acc_987,momentum,45,80,3,3,10,0,303,48.515,3.813,-3.818,0.9,8119.961,-1880.039,-18.8,20.3,322.561,1595.222
630,acc_605,momentum,22,60,8,5,10,0,972,53.498,3.37,-2.195,1.57,8079.529,-1920.471,-19.205,42.705,1039.808,5203.057
631,acc_472,dip,45,72,2,1,20,720,1427,45.48,3.612,-1.772,1.769,8071.501,-1928.499,-19.285,48.791,2022.498,10146.101
632,acc_843,momentum,33,80,15,5,80,72,103,44.66,5.616,-3.773,0.971,8067.84,-1932.16,-19.322,32.9,389.031,1908.36
633,acc_651,momentum,25,60,2,5,10,336,1035,55.942,3.14,-2.143,1.635,8032.651,-1967.349,-19.673,43.124,1112.084,5568.007
634,acc_726,momentum,28,72,8,2,10,168,297,32.66,4.919,-2.644,0.855,8030.565,-1969.435,-19.694,21.02,316.292,1565.178
635,acc_638,momentum,22,80,4,2,10,336,369,36.585,5.14,-2.955,0.983,8016.969,-1983.031,-19.83,24.275,392.197,1946.884
636,acc_727,momentum,28,72,10,3,30,336,294,40.476,5.109,-3.6,0.941,8001.77,-1998.23,-19.982,22.221,376.623,1851.157
637,acc_922,momentum,40,72,2,3,10,336,498,52.41,3.887,-3.619,1.136,7999.682,-2000.318,-20.003,33.255,533.931,2659.875
638,acc_635,momentum,22,76,12,3,20,72,384,39.323,4.916,-3.006,1.018,7979.783,-2020.217,-20.202,28.472,447.887,2214.017
639,acc_576,momentum,18,72,8,1.5,10,720,295,26.441,6.243,-2.584,0.828,7969.568,-2030.432,-20.304,24.216,317.808,1572.291
640,acc_919,momentum,40,68,8,5,20,72,483,53.209,3.41,-3.144,1.168,7921.261,-2078.739,-20.787,23.584,561.959,2788.211
641,acc_594,momentum,18,85,2,5,50,168,442,66.968,3.104,-5.126,1.218,7905.951,-2094.049,-20.94,28.046,661.551,3281.321
642,acc_593,momentum,18,80,15,3,30,72,381,39.37,5.632,-3.189,1.015,7810.026,-2189.974,-21.9,28.597,481.32,2377.421
643,acc_646,momentum,22,85,5,2,40,720,320,33.75,5.816,-2.91,0.998,7783.99,-2216.01,-22.16,25.558,470.021,2319.479
644,acc_816,momentum,33,68,3,5,50,168,394,59.898,3.025,-3.564,1.215,7778.427,-2221.573,-22.216,25.728,643.792,3191.81
645,acc_696,momentum,25,85,5,2,80,0,144,35.417,5.818,-3.157,0.905,7775.162,-2224.838,-22.248,26.895,400.158,1964.332
646,acc_869,momentum,36,68,8,3,80,0,182,46.703,4.264,-3.372,1.108,7760.509,-2239.491,-22.395,27.179,590.958,2925.277
647,acc_969,momentum,45,68,8,5,40,168,362,54.42,3.582,-3.688,1.076,7738.833,-2261.167,-22.612,24.888,526.39,2602.191
648,acc_566,momentum,18,68,3,3,10,168,396,53.535,2.858,-3.376,0.926,7715.19,-2284.81,-22.848,24.494,418.318,2077.356
649,acc_684,momentum,25,76,10,2,20,168,341,28.152,6.737,-2.893,0.902,7682.973,-2317.027,-23.17,27.527,396.131,1953.891
650,acc_570,momentum,18,68,10,3,30,0,408,44.853,4.254,-3.222,1.03,7660.89,-2339.11,-23.391,26.31,511.461,2529.966
651,acc_769,momentum,30,68,8,3,20,336,416,46.394,3.867,-3.312,0.987,7648.067,-2351.933,-23.519,25.244,475.485,2352.434
652,acc_776,momentum,30,72,8,2,30,336,396,31.818,5.738,-2.598,0.986,7612.176,-2387.824,-23.878,27.472,502.487,2483.999
653,acc_624,momentum,22,72,4,3,60,336,312,52.244,3.77,-3.599,1.061,7595.909,-2404.091,-24.041,26.686,564.052,2789.629
654,acc_927,momentum,40,72,10,5,50,72,358,48.324,4.346,-3.801,1.028,7589.937,-2410.063,-24.101,29.155,526.009,2598.916
655,acc_885,momentum,36,76,12,5,60,72,255,45.098,4.322,-3.397,0.925,7557.882,-2442.118,-24.421,29.724,448.921,2210.344
656,acc_746,momentum,28,85,5,3,20,72,463,40.389,5.149,-3.285,1.026,7555.607,-2444.393,-24.444,31.273,535.135,2652.585
657,acc_577,momentum,18,72,10,2,40,0,341,31.965,5.461,-2.763,0.912,7547.267,-2452.733,-24.527,27.294,462.129,2279.311
658,acc_692,momentum,25,80,12,2,50,168,278,27.338,7.088,-2.821,0.896,7507.262,-2492.738,-24.927,30.222,429.475,2113.965
659,acc_892,momentum,36,80,12,3,80,72,163,34.969,6.217,-2.673,0.96,7506.079,-2493.921,-24.939,32.204,485.899,2395.62
660,acc_539,momentum,15,80,5,2,60,168,344,35.174,5.392,-2.618,1.08,7482.345,-2517.655,-25.177,28.502,612.688,3034.675
661,acc_520,momentum,15,68,10,2,80,720,243,38.683,4.218,-2.525,1.091,7481.181,-2518.819,-25.188,28.378,620.12,3069.714
662,acc_833,momentum,33,76,8,1.5,60,720,282,26.241,6.502,-2.323,0.98,7480.773,-2519.227,-25.192,28.879,513.318,2534.686
663,acc_407,dip,40,60,15,1,30,168,734,33.651,5.634,-1.824,1.415,7475.328,-2524.672,-25.247,54.779,1334.059,6668.589
664,acc_884,momentum,36,76,10,3,40,72,362,40.884,4.945,-3.182,0.994,7466.242,-2533.758,-25.338,31.196,515.442,2547.276
665,acc_811,momentum,33,64,6,3,10,336,468,49.359,2.838,-2.658,0.967,7449.615,-2550.385,-25.504,26.398,494.377,2460.562
666,acc_774,momentum,30,72,4,5,60,72,336,53.869,3.476,-3.422,1.098,7434.193,-2565.807,-25.658,29.854,621.999,3080.264
667,acc_687,momentum,25,80,3,1.5,10,720,656,31.098,6.22,-2.354,1.146,7421.698,-2578.302,-25.783,41.691,692.882,3459.165
668,acc_980,momentum,45,76,3,3,80,0,187,48.663,3.782,-3.654,1.031,7420.449,-2579.551,-25.796,29.518,559.754,2766.492
669,acc_574,momentum,18,72,4,3,40,168,477,50.314,3.888,-3.389,1.086,7416.813,-2583.187,-25.832,28.193,622.836,3087.168
670,acc_845,momentum,33,85,4,2,40,168,543,38.306,4.999,-2.823,1.157,7404.328,-2595.672,-25.957,35.246,739.4,3674.219
671,acc_823,momentum,33,72,3,3,60,168,355,52.958,3.394,-3.226,1.098,7389.143,-2610.857,-26.109,32.808,632.371,3132.554
672,acc_961,momentum,45,64,6,5,10,72,433,52.194,2.479,-2.803,0.895,7387.155,-2612.845,-26.128,26.885,455.542,2265.231
673,acc_783,momentum,30,76,8,1.5,40,336,395,25.57,6.954,-2.349,0.967,7357.893,-2642.107,-26.421,33.179,540.04,2670.584
674,acc_688,momentum,25,80,4,2,30,720,492,37.805,5.134,-2.78,1.071,7357.471,-2642.529,-26.425,31.403,624.215,3096.568
675,acc_941,momentum,40,80,10,2,80,168,151,29.139,6.071,-2.945,0.877,7353.655,-2646.345,-26.463,31.305,441.744,2173.488
676,acc_670,momentum,25,68,10,3,80,72,254,43.701,3.924,-2.669,1.117,7330.284,-2669.716,-26.697,32.215,672.191,3332.674
677,acc_997,momentum,45,85,8,1.5,10,168,319,19.436,8.062,-2.634,0.718,7311.82,-2688.18,-26.882,31.357,338.851,1677.895
678,acc_837,momentum,33,80,3,2,10,168,415,39.759,3.797,-2.779,0.856,7288.849,-2711.151,-27.112,28.271,439.438,2183.56
679,acc_631,momentum,22,76,4,2,80,336,243,41.975,4.428,-2.921,1.067,7287.117,-2712.883,-27.129,30.267,632.181,3131.183
680,acc_880,momentum,36,76,3,3,20,336,450,49.778,3.592,-3.702,0.941,7233.55,-2766.45,-27.665,29.523,508.113,2516.698
681,acc_819,momentum,33,68,8,3,40,720,393,45.547,4.024,-3.207,0.979,7222.591,-2777.409,-27.774,30.171,562.859,2785.7
682,acc_862,momentum,36,64,8,5,60,0,388,56.701,2.899,-2.943,1.181,7219.837,-2780.163,-27.802,29.903,741.18,3680.771
683,acc_741,momentum,28,80,10,1.5,50,336,289,20.069,8.131,-2.534,0.84,7211.557,-2788.443,-27.884,30.984,453.473,2234.786
684,acc_723,momentum,28,72,3,3,20,0,458,51.092,3.321,-3.515,0.954,7204.433,-2795.567,-27.956,29.67,525.198,2602.89
685,acc_775,momentum,30,72,6,1.5,10,168,384,28.385,5.279,-2.517,0.787,7200.948,-2799.052,-27.991,31.549,407.058,2020.597
686,acc_411,dip,40,64,6,1,50,0,495,29.495,7.549,-1.873,1.276,7147.42,-2852.58,-28.526,55.049,1111.349,5543.747
687,acc_976,momentum,45,72,8,3,50,168,289,41.869,4.52,-3.591,0.874,7142.533,-2857.467,-28.575,34.224,473.362,2335.099
688,acc_530,momentum,15,76,3,1.5,10,72,767,35.202,5.157,-2.256,1.188,7118.016,-2881.984,-28.82,44.117,809.346,4043.979
689,acc_596,momentum,18,85,5,2,20,336,437,29.062,6.254,-2.828,0.9,7114.476,-2885.524,-28.855,34.318,499.427,2473.875
690,acc_461,dip,45,64,6,1,80,72,497,28.974,7.319,-1.71,1.46,7112.013,-2887.987,-28.88,66.021,1836.246,9189.07
691,acc_766,momentum,30,68,3,5,30,72,591,57.022,2.921,-3.079,1.157,7104.679,-2895.321,-28.953,31.028,731.134,3633.828
692,acc_765,momentum,30,68,2,3,10,0,431,53.828,2.588,-3.424,0.829,7078.592,-2921.408,-29.214,30.033,456.426,2268.649
693,acc_621,momentum,22,68,12,5,80,72,248,54.032,3.629,-3.149,1.019,7073.291,-2926.709,-29.267,34.157,623.765,3088.858
694,acc_930,momentum,40,76,3,3,40,720,396,48.99,3.647,-3.601,0.97,7063.905,-2936.095,-29.361,31.822,568.814,2816.082
695,acc_826,momentum,33,72,8,2,50,720,315,32.063,5.29,-2.711,0.85,7055.833,-2944.167,-29.442,31.98,490.789,2421.868
696,acc_781,momentum,30,76,4,3,80,72,230,50.0,3.635,-3.107,1.073,7044.686,-2955.314,-29.553,31.53,676.156,3352.792
697,acc_971,momentum,45,68,15,2,10,336,348,35.057,3.843,-2.939,0.678,7030.047,-2969.953,-29.7,30.661,368.775,1829.198
698,acc_691,momentum,25,80,10,1.5,30,168,380,23.684,6.936,-2.414,0.835,7015.806,-2984.194,-29.842,34.777,475.173,2347.66
699,acc_641,momentum,22,80,10,1.5,10,72,368,22.011,5.83,-2.299,0.688,6958.251,-3041.749,-30.417,34.362,388.658,1929.367
700,acc_613,momentum,22,64,10,5,40,0,503,55.268,2.707,-2.96,1.096,6950.399,-3049.601,-30.496,32.833,711.663,3534.343
701,acc_745,momentum,28,85,4,1.5,80,0,190,31.579,4.952,-2.365,0.947,6943.967,-3056.033,-30.56,33.7,591.416,2926.267
702,acc_996,momentum,45,85,5,5,60,72,275,42.909,4.781,-3.723,0.849,6935.618,-3064.382,-30.644,34.667,466.633,2299.32
703,acc_654,momentum,25,60,6,3,10,0,976,48.463,3.601,-2.303,1.313,6914.22,-3085.78,-30.858,50.213,1030.735,5158.54
704,acc_926,momentum,40,72,8,3,30,72,447,42.506,4.205,-3.169,0.932,6913.37,-3086.63,-30.866,34.617,557.129,2759.375
705,acc_625,momentum,22,72,6,1,10,720,406,22.167,5.211,-1.961,0.707,6902.421,-3097.579,-30.976,32.036,427.812,2125.852
706,acc_609,momentum,22,64,3,5,20,336,561,58.645,2.406,-3.09,1.036,6874.355,-3125.645,-31.256,32.385,650.475,3232.743
707,acc_733,momentum,28,76,8,1.5,20,168,443,25.056,6.201,-2.392,0.832,6853.955,-3146.045,-31.46,35.793,493.887,2446.251
708,acc_581,momentum,18,76,4,2,50,168,509,38.9,4.576,-2.711,1.067,6819.342,-3180.658,-31.807,37.596,739.817,3675.179
709,acc_549,momentum,15,85,12,1,60,720,301,12.957,10.478,-1.927,0.782,6817.018,-3182.982,-31.83,36.698,496.807,2450.615
710,acc_524,momentum,15,72,4,3,20,72,497,44.668,3.512,-3.016,0.89,6814.419,-3185.581,-31.856,33.739,550.547,2730.677
711,acc_546,momentum,15,85,5,1.5,80,168,214,31.308,5.016,-2.282,0.938,6785.388,-3214.612,-32.146,35.176,605.337,2996.228
712,acc_974,momentum,45,72,5,1.5,10,0,365,27.397,5.424,-2.835,0.683,6775.366,-3224.634,-32.246,35.588,387.21,1921.139
713,acc_504,momentum,15,60,6,2,10,168,1277,41.973,4.329,-2.007,1.419,6755.884,-3244.116,-32.441,57.465,1364.319,6835.918
714,acc_541,momentum,15,80,10,1,30,720,419,15.752,9.276,-1.957,0.809,6754.731,-3245.269,-32.453,37.66,509.671,2520.639
715,acc_738,momentum,28,80,4,2,60,0,279,33.333,4.849,-2.899,0.84,6712.668,-3287.332,-32.873,34.964,516.91,2552.323
716,acc_699,momentum,25,85,12,1.5,60,168,299,23.077,7.848,-2.496,0.795,6691.17,-3308.83,-33.088,36.031,486.582,2399.92
717,acc_690,momentum,25,80,8,1,10,72,449,18.708,5.636,-1.743,0.703,6663.998,-3336.002,-33.36,37.046,472.641,2350.209
718,acc_895,momentum,36,85,4,2,60,336,374,34.759,5.435,-2.937,0.967,6647.059,-3352.941,-33.529,39.69,656.978,3256.884
719,acc_812,momentum,33,64,8,5,30,720,528,53.598,2.662,-3.012,0.981,6645.784,-3354.216,-33.542,34.348,659.611,3273.688
720,acc_934,momentum,40,76,10,3,60,72,271,38.007,4.717,-3.26,0.856,6642.399,-3357.601,-33.576,39.779,524.317,2590.878
721,acc_814,momentum,33,64,15,2,10,0,450,39.333,2.617,-2.312,0.684,6613.586,-3386.414,-33.864,34.477,470.768,2340.653
722,acc_502,momentum,15,60,3,5,40,72,1550,53.806,3.256,-1.938,1.762,6598.438,-3401.562,-34.016,63.492,2313.402,11591.483
723,acc_591,momentum,18,80,10,1,60,0,332,15.06,9.662,-1.934,0.782,6593.495,-3406.505,-34.065,37.778,524.703,2591.366
724,acc_935,momentum,40,76,15,1,10,168,356,13.764,6.24,-1.872,0.499,6575.56,-3424.44,-34.244,35.087,374.125,1854.523
725,acc_824,momentum,33,72,5,1,10,168,437,22.426,4.528,-1.84,0.659,6560.728,-3439.272,-34.393,35.149,458.607,2279.357
726,acc_932,momentum,40,76,6,1.5,20,0,425,24.0,6.621,-2.614,0.777,6540.931,-3459.069,-34.591,38.254,489.019,2421.492
727,acc_659,momentum,25,64,3,5,40,720,564,56.738,2.473,-2.841,1.069,6459.842,-3540.158,-35.402,37.436,776.832,3862.167
728,acc_600,momentum,18,85,15,2,40,72,360,31.944,4.711,-2.651,0.738,6445.074,-3554.926,-35.549,42.817,499.908,2468.952
729,acc_616,momentum,22,68,3,3,30,336,555,51.171,3.052,-3.168,0.966,6444.157,-3555.843,-35.558,37.489,689.405,3424.129
730,acc_886,momentum,36,80,2,1.5,10,168,556,38.309,3.287,-2.278,0.845,6429.127,-3570.873,-35.709,38.006,585.237,2918.198
731,acc_642,momentum,22,80,12,2,30,72,438,30.594,5.296,-2.67,0.795,6389.252,-3610.748,-36.107,40.701,536.092,2652.957
732,acc_897,momentum,36,85,8,1,40,0,400,15.0,8.791,-1.997,0.743,6385.431,-3614.569,-36.146,38.707,529.551,2618.019
733,acc_821,momentum,33,68,15,1.5,20,0,597,29.648,5.124,-2.253,0.93,6357.153,-3642.847,-36.428,41.577,669.579,3328.458
734,acc_573,momentum,18,72,3,2,20,168,624,43.429,3.49,-2.613,0.965,6355.779,-3644.221,-36.442,38.597,708.494,3524.077
735,acc_860,momentum,36,64,5,2,10,336,449,37.416,2.679,-2.364,0.634,6345.335,-3654.665,-36.547,36.711,468.125,2328.456
736,acc_615,momentum,22,68,2,2,10,168,504,45.04,2.472,-2.58,0.736,6342.556,-3657.444,-36.574,37.177,529.804,2638.708
737,acc_695,momentum,25,85,4,1.5,40,720,577,30.503,5.256,-2.347,1.01,6318.101,-3681.899,-36.819,43.614,768.336,3819.513
738,acc_795,momentum,30,85,4,2,20,72,560,35.357,4.474,-2.64,0.894,6317.685,-3682.315,-36.823,41.646,630.899,3133.926
739,acc_863,momentum,36,64,12,1.5,10,0,516,32.946,3.27,-2.047,0.733,6315.254,-3684.746,-36.847,39.281,540.887,2694.09
740,acc_933,momentum,40,76,8,2,40,72,468,33.761,4.73,-2.675,0.891,6287.339,-3712.661,-37.127,40.405,638.718,3167.744
741,acc_790,momentum,30,80,8,1,50,336,348,16.092,7.679,-1.904,0.739,6272.406,-3727.594,-37.276,39.458,550.156,2720.671
742,acc_633,momentum,22,76,8,1,50,0,428,18.224,7.524,-1.858,0.827,6272.398,-3727.602,-37.276,41.885,609.575,3019.061
743,acc_709,momentum,28,64,3,5,80,0,276,57.971,2.327,-3.176,0.962,6272.169,-3727.831,-37.278,40.116,726.019,3604.038
744,acc_620,momentum,22,68,10,3,50,72,426,43.427,3.59,-2.861,0.9,6260.591,-3739.409,-37.394,39.288,659.84,3272.364
745,acc_703,momentum,28,60,5,2,10,0,1000,41.3,3.881,-2.008,1.224,6249.704,-3750.296,-37.503,54.674,1055.706,5283.603
746,acc_909,momentum,40,64,4,1.5,10,720,536,35.821,3.094,-2.117,0.764,6242.472,-3757.528,-37.575,39.794,564.263,2811.454
747,acc_730,momentum,28,76,3,2,30,0,587,41.908,3.789,-2.739,0.967,6232.296,-3767.704,-37.677,39.246,726.024,3608.306
748,acc_664,momentum,25,64,15,1.5,10,168,556,34.712,3.212,-2.054,0.775,6202.936,-3797.064,-37.971,40.215,581.395,2897.589
749,acc_854,momentum,36,60,6,5,20,720,1126,54.796,3.046,-2.191,1.378,6202.321,-3797.679,-37.977,55.328,1304.675,6522.858
750,acc_918,momentum,40,68,6,2,80,0,246,39.024,4.004,-2.576,0.881,6193.682,-3806.318,-38.063,40.617,653.726,3239.55
751,acc_891,momentum,36,80,10,2,50,72,362,28.453,5.498,-2.542,0.812,6165.489,-3834.511,-38.345,43.003,581.066,2876.564
752,acc_583,momentum,18,76,8,1,20,720,445,16.18,6.673,-1.899,0.649,6155.976,-3844.024,-38.44,40.247,499.279,2472.208
753,acc_719,momentum,28,68,8,2,80,168,232,36.207,4.246,-2.684,0.862,6065.794,-3934.206,-39.342,41.838,656.911,3257.166
754,acc_531,momentum,15,76,4,2,30,72,664,37.349,4.372,-2.543,0.987,6061.366,-3938.634,-39.386,44.812,781.15,3886.024
755,acc_983,momentum,45,76,8,2,60,168,264,29.924,5.806,-2.992,0.713,6058.314,-3941.686,-39.417,42.227,494.642,2440.666
756,acc_553,momentum,18,60,5,1.5,10,168,1381,38.088,4.597,-1.883,1.365,6035.089,-3964.911,-39.649,63.494,1460.717,7320.142
757,acc_840,momentum,33,80,8,1,80,720,225,14.222,7.86,-1.971,0.68,6026.204,-3973.796,-39.738,42.476,543.225,2684.059
758,acc_858,momentum,36,64,2,5,40,168,679,62.445,2.306,-3.132,1.132,6017.78,-3982.22,-39.822,40.849,935.12,4658.533
759,acc_748,momentum,28,85,10,1,60,336,321,14.33,9.319,-2.062,0.666,5994.7,-4005.3,-40.053,42.025,520.458,2570.194
760,acc_666,momentum,25,68,3,3,50,720,435,49.425,3.131,-3.244,0.891,5970.421,-4029.579,-40.296,42.055,693.831,3443.714
761,acc_626,momentum,22,72,8,1.5,40,0,451,27.051,5.673,-2.497,0.787,5966.924,-4033.076,-40.331,43.553,597.253,2958.113
762,acc_818,momentum,33,68,6,2,20,336,525,35.81,3.869,-2.711,0.769,5963.773,-4036.227,-40.362,41.701,583.952,2898.045
763,acc_619,momentum,22,68,8,2,30,0,497,37.022,3.821,-2.745,0.799,5957.79,-4042.21,-40.422,42.048,610.744,3029.002
764,acc_825,momentum,33,72,6,1.5,30,336,524,29.389,5.235,-2.544,0.817,5931.372,-4068.628,-40.686,44.69,627.817,3114.483
765,acc_645,momentum,22,85,4,1.5,20,336,559,28.801,5.267,-2.515,0.823,5928.238,-4071.762,-40.718,44.69,627.76,3118.545
766,acc_994,momentum,45,85,3,2,20,0,609,33.662,5.606,-2.985,0.918,5907.948,-4092.052,-40.921,51.449,707.744,3520.611
767,acc_830,momentum,33,76,3,2,80,168,295,42.373,3.586,-2.634,0.959,5864.17,-4135.83,-41.358,43.728,789.406,3922.387
768,acc_510,momentum,15,64,4,5,80,72,359,54.318,2.494,-2.731,1.068,5857.677,-4142.323,-41.423,43.116,898.281,4469.662
769,acc_612,momentum,22,64,8,3,20,0,573,44.852,2.838,-2.702,0.803,5805.836,-4194.164,-41.942,42.934,651.013,3236.105
770,acc_968,momentum,45,68,6,3,20,72,486,39.918,3.545,-3.122,0.726,5797.641,-4202.359,-42.024,43.352,557.301,2763.657
771,acc_808,momentum,33,64,2,5,20,72,703,59.459,2.181,-3.155,0.935,5797.603,-4202.397,-42.024,42.672,771.339,3840.543
772,acc_569,momentum,18,68,8,1.5,80,720,276,33.696,4.202,-2.249,0.831,5796.082,-4203.918,-42.039,43.934,690.504,3424.203
773,acc_736,momentum,28,80,2,1,10,720,611,33.224,3.103,-1.909,0.75,5749.449,-4250.551,-42.506,43.789,638.003,3182.735
774,acc_658,momentum,25,64,2,3,20,336,938,55.544,2.942,-2.926,1.147,5734.619,-4265.381,-42.654,51.339,1060.415,5295.572
775,acc_752,momentum,30,60,4,1.5,10,72,1138,37.873,4.292,-1.946,1.223,5727.927,-4272.073,-42.721,60.469,1201.739,6018.253
776,acc_514,momentum,15,64,15,1,10,720,536,25.56,3.255,-1.697,0.605,5727.417,-4272.583,-42.726,43.168,561.628,2798.35
777,acc_773,momentum,30,72,3,3,40,72,519,47.013,3.175,-3.093,0.847,5710.734,-4289.266,-42.893,44.822,697.242,3462.016
778,acc_627,momentum,22,72,10,2,60,72,350,33.714,3.984,-2.602,0.736,5690.567,-4309.433,-43.094,44.616,610.27,3022.326
779,acc_663,momentum,25,64,10,5,60,72,456,51.316,2.597,-2.876,0.896,5680.112,-4319.888,-43.199,44.547,760.151,3775.687
780,acc_649,momentum,22,85,12,1.5,40,72,452,23.673,5.895,-2.234,0.754,5660.628,-4339.372,-43.394,47.851,620.006,3073.323
781,acc_908,momentum,40,64,2,5,60,336,457,61.707,2.072,-3.006,0.988,5657.699,-4342.301,-43.423,44.563,850.568,4232.187
782,acc_513,momentum,15,64,10,3,60,336,462,49.567,2.732,-2.665,0.947,5641.362,-4358.638,-43.586,45.301,831.903,4136.982
783,acc_713,momentum,28,64,12,1,10,168,584,28.253,2.867,-1.611,0.641,5607.378,-4392.622,-43.926,44.015,611.305,3047.857
784,acc_907,momentum,40,60,15,3,40,168,1413,47.7,3.6,-2.215,1.501,5578.241,-4421.759,-44.218,69.131,2099.119,10513.187
785,acc_737,momentum,28,80,3,1.5,40,0,826,32.809,5.566,-2.312,1.117,5567.026,-4432.974,-44.33,58.922,1109.353,5534.925
786,acc_579,momentum,18,76,2,1,10,72,656,33.384,2.957,-1.798,0.762,5553.057,-4446.943,-44.469,45.706,685.813,3422.32
787,acc_588,momentum,18,80,4,1.5,60,168,396,30.808,4.383,-2.295,0.818,5525.441,-4474.559,-44.746,46.7,701.172,3478.95
788,acc_868,momentum,36,68,6,2,40,720,524,35.687,3.866,-2.578,0.815,5518.03,-4481.97,-44.82,46.49,700.639,3479.143
789,acc_655,momentum,25,60,8,5,30,72,1110,54.054,3.105,-2.18,1.315,5497.71,-4502.29,-45.023,61.514,1406.021,7028.584
790,acc_668,momentum,25,68,6,1.5,30,0,637,33.124,4.384,-2.406,0.865,5485.444,-4514.556,-45.146,48.704,752.944,3744.126
791,acc_844,momentum,33,85,3,1.5,20,168,697,35.294,4.068,-2.42,0.893,5480.45,-4519.55,-45.195,47.906,781.499,3891.732
792,acc_887,momentum,36,80,3,2,30,336,585,39.658,3.779,-2.842,0.843,5454.736,-4545.264,-45.453,46.833,722.477,3590.836
793,acc_875,momentum,36,72,6,1.5,50,720,467,27.623,5.389,-2.352,0.815,5439.653,-4560.347,-45.603,49.599,708.018,3514.641
794,acc_978,momentum,45,72,15,1.5,20,336,443,22.573,6.147,-2.723,0.623,5423.219,-4576.781,-45.768,48.37,510.549,2528.956
795,acc_828,momentum,33,72,15,1,30,0,480,18.333,6.132,-2.047,0.639,5420.73,-4579.27,-45.793,47.098,583.433,2891.305
796,acc_912,momentum,40,64,10,1,10,72,546,24.542,3.064,-1.675,0.545,5407.806,-4592.194,-45.922,46.008,571.702,2850.207
797,acc_712,momentum,28,64,8,3,60,168,472,47.669,2.858,-2.67,0.912,5379.307,-4620.693,-46.207,48.191,841.029,4182.529
798,acc_602,momentum,22,60,4,1,10,336,1092,31.227,4.708,-1.637,1.159,5363.402,-4636.598,-46.366,61.378,1152.318,5770.347
799,acc_673,momentum,25,72,3,2,60,720,435,40.23,3.792,-2.771,0.865,5347.884,-4652.116,-46.521,47.124,760.856,3779.712
800,acc_751,momentum,30,60,2,5,60,0,872,56.422,3.48,-2.364,1.315,5335.058,-4664.942,-46.649,68.615,1641.224,8207.95
801,acc_937,momentum,40,80,3,2,50,720,393,38.168,3.615,-2.965,0.728,5323.926,-4676.074,-46.761,48.177,630.266,3123.427
802,acc_580,momentum,18,76,3,1.5,30,168,897,34.448,5.175,-2.357,1.079,5322.521,-4677.479,-46.775,60.174,1086.661,5422.609
803,acc_526,momentum,15,72,8,1,60,336,383,21.41,4.655,-1.844,0.649,5301.321,-4698.679,-46.987,48.444,635.677,3149.774
804,acc_772,momentum,30,72,2,2,20,0,707,47.949,2.719,-2.733,0.86,5297.29,-4702.71,-47.027,48.059,783.81,3903.285
805,acc_669,momentum,25,68,8,2,50,72,532,37.03,3.596,-2.379,0.857,5274.931,-4725.069,-47.251,49.005,786.778,3910.852
806,acc_865,momentum,36,68,2,3,50,168,608,55.428,2.578,-3.143,0.962,5266.561,-4733.439,-47.334,48.634,900.618,4483.391
807,acc_740,momentum,28,80,8,1,30,168,473,15.645,6.883,-1.934,0.604,5264.037,-4735.963,-47.36,50.914,577.109,2859.457
808,acc_958,momentum,45,64,3,1,10,720,529,27.977,2.543,-1.822,0.491,5261.145,-4738.855,-47.389,47.472,556.719,2774.101
809,acc_832,momentum,33,76,6,1,40,336,579,20.898,6.144,-1.851,0.816,5254.433,-4745.567,-47.456,49.212,755.279,3753.156
810,acc_623,momentum,22,72,3,2,40,336,578,41.696,3.435,-2.74,0.846,5249.311,-4750.689,-47.507,48.364,768.495,3819.923
811,acc_857,momentum,36,60,15,3,20,72,1213,48.969,3.353,-2.135,1.253,5242.339,-4757.661,-47.577,61.886,1372.538,6863.956
812,acc_898,momentum,36,85,10,1.5,60,72,362,26.243,5.192,-2.286,0.711,5237.777,-4762.223,-47.622,50.205,646.292,3203.545
813,acc_701,momentum,28,60,2,5,30,720,1076,54.554,3.03,-2.165,1.272,5229.421,-4770.579,-47.706,61.525,1374.582,6871.351
814,acc_501,momentum,15,60,2,3,20,0,1331,52.517,3.205,-2.233,1.327,5214.004,-4785.996,-47.86,63.663,1533.152,7673.449
815,acc_698,momentum,25,85,10,1,40,168,447,13.647,7.038,-1.808,0.573,5172.864,-4827.136,-48.271,50.108,584.111,2892.186
816,acc_519,momentum,15,68,8,1.5,50,336,532,29.135,4.626,-2.181,0.829,5127.164,-4872.836,-48.728,52.306,784.519,3898.997
817,acc_648,momentum,22,85,10,1,20,72,603,17.579,5.864,-1.749,0.67,5095.586,-4904.414,-49.044,52.466,665.53,3308.761
818,acc_801,momentum,33,60,3,1,10,72,1096,31.934,4.53,-1.703,1.118,5084.423,-4915.577,-49.156,63.666,1156.569,5790.446
819,acc_768,momentum,30,68,6,1.5,80,168,379,34.828,3.902,-2.212,0.872,5078.302,-4921.698,-49.217,50.845,841.953,4186.182
820,acc_867,momentum,36,68,5,1.5,20,336,641,29.797,3.997,-2.172,0.738,5050.967,-4949.033,-49.49,52.066,708.133,3524.135
821,acc_662,momentum,25,64,8,3,40,72,576,44.792,2.648,-2.478,0.796,5029.588,-4970.412,-49.704,50.862,778.264,3869.535
822,acc_940,momentum,40,80,8,1.5,50,72,454,23.789,5.633,-2.301,0.752,5018.839,-4981.161,-49.812,51.497,702.043,3484.97
823,acc_903,momentum,40,60,5,3,20,720,1184,47.973,3.242,-2.181,1.213,5005.679,-4994.321,-49.943,65.529,1366.963,6837.011
824,acc_861,momentum,36,64,6,3,30,720,583,45.283,2.72,-2.771,0.751,4999.967,-5000.033,-50.0,50.642,722.521,3591.204
825,acc_929,momentum,40,76,2,2,20,336,645,44.806,2.745,-2.801,0.756,4972.252,-5027.748,-50.277,50.939,729.195,3628.886
826,acc_972,momentum,45,72,2,3,30,720,523,50.669,2.503,-3.597,0.681,4966.531,-5033.469,-50.335,51.753,643.985,3195.563
827,acc_671,momentum,25,68,15,1,20,168,648,22.531,4.797,-1.825,0.707,4930.267,-5069.733,-50.697,52.249,713.553,3550.121
828,acc_694,momentum,25,85,3,1,20,720,1137,24.538,7.936,-2.111,1.114,4926.426,-5073.574,-50.736,70.597,1279.908,6398.914
829,acc_915,momentum,40,68,2,3,80,336,275,54.545,2.439,-3.207,0.81,4881.543,-5118.457,-51.185,52.951,791.795,3934.292
830,acc_815,momentum,33,68,2,3,30,72,731,53.078,2.523,-3.091,0.868,4878.637,-5121.363,-51.214,52.288,856.119,4263.024
831,acc_538,momentum,15,80,4,1.5,40,72,703,31.01,4.399,-2.153,0.907,4855.614,-5144.386,-51.444,56.741,911.131,4537.266
832,acc_661,momentum,25,64,6,2,20,0,643,38.725,2.951,-2.449,0.708,4853.53,-5146.47,-51.465,52.747,716.142,3562.794
833,acc_928,momentum,40,72,15,1,80,168,335,23.582,4.962,-1.849,0.784,4840.055,-5159.945,-51.599,52.215,799.391,3972.156
834,acc_705,momentum,28,60,8,5,50,168,715,54.825,2.059,-2.074,1.072,4833.909,-5166.091,-51.661,52.42,1107.728,5525.213
835,acc_782,momentum,30,76,6,1,20,168,605,17.686,5.841,-1.851,0.658,4829.81,-5170.19,-51.702,52.864,675.512,3358.468
836,acc_634,momentum,22,76,10,1.5,80,72,262,23.664,5.713,-2.24,0.678,4802.734,-5197.266,-51.973,53.567,681.926,3380.98
837,acc_680,momentum,25,76,3,1.5,80,720,392,36.735,3.688,-2.233,0.839,4775.174,-5224.826,-52.248,54.819,850.178,4228.309
838,acc_675,momentum,25,72,6,1,40,0,616,21.916,5.593,-1.856,0.791,4772.467,-5227.533,-52.275,53.64,806.916,4012.868
839,acc_506,momentum,15,60,10,5,50,336,731,55.13,1.997,-2.004,1.09,4767.177,-5232.823,-52.328,53.414,1146.109,5718.047
840,acc_552,momentum,18,60,3,5,60,168,658,56.383,2.091,-2.24,1.102,4767.15,-5232.85,-52.329,53.797,1155.407,5764.329
841,acc_921,momentum,40,68,15,1.5,60,168,466,29.399,4.572,-2.229,0.798,4757.571,-5242.429,-52.424,56.03,793.568,3944.431
842,acc_939,momentum,40,80,6,1,30,0,533,15.009,7.614,-1.989,0.635,4719.732,-5280.268,-52.803,55.767,654.691,3249.174
843,acc_985,momentum,45,76,15,1,30,336,453,12.362,7.955,-2.078,0.523,4716.508,-5283.492,-52.835,53.77,563.406,2789.631
844,acc_894,momentum,36,85,3,1.5,40,336,764,29.974,5.88,-2.432,0.991,4671.005,-5328.995,-53.29,65.399,1057.117,5272.558
845,acc_630,momentum,22,76,3,1.5,50,336,628,35.032,3.979,-2.28,0.878,4663.566,-5336.434,-53.364,57.038,908.552,4524.587
846,acc_975,momentum,45,72,6,2,30,72,520,31.154,4.203,-2.698,0.66,4648.645,-5351.355,-53.514,54.773,654.047,3246.471
847,acc_537,momentum,15,80,3,1,20,72,1215,26.584,7.143,-2.066,1.13,4642.859,-5357.141,-53.571,72.626,1381.117,6909.287
848,acc_511,momentum,15,64,6,1.5,20,168,779,36.585,3.442,-2.257,0.823,4637.915,-5362.085,-53.621,57.017,853.972,4255.476
849,acc_870,momentum,36,68,12,1,20,0,602,20.93,4.788,-1.917,0.607,4629.807,-5370.193,-53.702,54.898,666.145,3312.329
850,acc_704,momentum,28,60,6,3,30,72,1165,49.957,3.315,-2.216,1.211,4620.318,-5379.682,-53.797,67.382,1462.745,7313.537
851,acc_911,momentum,40,64,6,3,60,0,446,46.637,2.68,-2.835,0.752,4589.592,-5410.408,-54.104,55.232,784.494,3898.509
852,acc_505,momentum,15,60,8,3,30,336,1139,49.254,3.354,-2.249,1.179,4544.409,-5455.591,-54.556,67.76,1418.038,7089.335
853,acc_957,momentum,45,60,15,3,60,336,1004,48.705,4.026,-2.328,1.34,4520.981,-5479.019,-54.79,72.705,1847.592,9245.785
854,acc_904,momentum,40,60,6,5,50,0,678,54.277,2.006,-2.208,0.964,4513.361,-5486.639,-54.866,55.701,1059.624,5283.33
855,acc_676,momentum,25,72,8,1.5,60,72,444,28.378,4.445,-2.104,0.741,4479.859,-5520.141,-55.201,58.281,795.089,3951.784
856,acc_780,momentum,30,76,3,2,50,72,570,40.0,3.282,-2.711,0.781,4471.126,-5528.874,-55.289,56.735,826.003,4108.456
857,acc_917,momentum,40,68,5,1.5,40,720,599,31.052,4.025,-2.238,0.758,4467.171,-5532.829,-55.328,58.447,806.687,4012.707
858,acc_718,momentum,28,68,6,1.5,50,72,623,33.708,3.855,-2.187,0.836,4460.481,-5539.519,-55.395,58.897,901.568,4488.655
859,acc_755,momentum,30,60,8,5,80,336,454,56.828,1.868,-2.208,1.031,4434.766,-5565.234,-55.652,56.263,1154.758,5760.093
860,acc_622,momentum,22,72,2,1.5,20,168,859,41.444,2.927,-2.272,0.862,4378.98,-5621.02,-56.21,58.163,949.165,4735.376
861,acc_758,momentum,30,64,2,3,80,0,353,55.524,2.125,-2.795,0.838,4361.486,-5638.514,-56.385,58.024,933.991,4649.167
862,acc_710,momentum,28,64,5,1.5,20,0,741,34.143,3.456,-2.272,0.745,4341.143,-5658.857,-56.589,59.606,817.759,4074.003
863,acc_967,momentum,45,68,5,1.5,80,0,244,29.508,3.453,-2.179,0.633,4313.717,-5686.283,-56.863,57.816,719.803,3571.387
864,acc_717,momentum,28,68,5,1,30,0,875,25.486,5.646,-1.936,0.95,4309.475,-5690.525,-56.905,66.042,1068.736,5332.223
865,acc_523,momentum,15,72,3,1.5,80,72,423,37.825,3.237,-2.063,0.846,4271.79,-5728.21,-57.282,58.927,968.913,4825.362
866,acc_871,momentum,36,68,15,1.5,40,72,607,29.16,3.99,-2.145,0.725,4266.829,-5733.171,-57.332,60.659,810.073,4029.69
867,acc_990,momentum,45,80,8,1.5,80,168,184,15.217,6.878,-2.416,0.476,4262.203,-5737.797,-57.378,59.475,553.898,2737.521
868,acc_562,momentum,18,64,8,2,60,720,500,39.2,2.801,-2.268,0.781,4250.105,-5749.895,-57.499,58.465,893.517,4446.708
869,acc_595,momentum,18,85,4,1,80,336,359,20.056,4.609,-1.91,0.674,4234.755,-5765.245,-57.652,58.744,778.729,3868.519
870,acc_981,momentum,45,76,5,1,20,0,630,15.238,8.737,-2.098,0.695,4234.605,-5765.395,-57.654,64.865,740.833,3688.222
871,acc_754,momentum,30,60,6,3,50,168,929,49.623,3.735,-2.26,1.145,4204.71,-5795.29,-57.953,71.794,1459.909,7295.935
872,acc_509,momentum,15,64,3,3,50,72,663,50.075,2.526,-2.618,0.898,4183.598,-5816.402,-58.164,58.962,1027.804,5123.249
873,acc_559,momentum,18,64,3,3,80,168,419,51.313,2.398,-2.886,0.821,4154.164,-5845.836,-58.458,59.65,940.417,4681.339
874,acc_721,momentum,28,68,15,1,40,336,547,23.035,4.316,-2.019,0.589,4138.673,-5861.327,-58.613,59.829,712.477,3537.838
875,acc_872,momentum,36,72,2,2,60,168,506,45.652,2.552,-2.654,0.767,4125.98,-5874.02,-58.74,59.453,877.974,4368.942
876,acc_708,momentum,28,64,2,3,40,720,742,53.235,2.211,-2.854,0.828,4118.272,-5881.728,-58.817,59.345,955.052,4758.625
877,acc_874,momentum,36,72,5,1,30,336,619,20.032,4.568,-1.872,0.599,4115.179,-5884.821,-58.848,59.789,733.702,3646.984
878,acc_822,momentum,33,72,2,2,40,72,756,47.222,2.666,-2.593,0.854,4104.585,-5895.415,-58.954,60.105,982.486,4896.576
879,acc_516,momentum,15,68,3,2,60,72,545,41.284,2.862,-2.385,0.775,4065.726,-5934.274,-59.343,59.783,904.768,4503.289
880,acc_944,momentum,40,85,3,1.5,60,720,484,29.752,4.322,-2.357,0.738,4065.709,-5934.291,-59.343,62.774,829.558,4126.035
881,acc_707,momentum,28,60,15,2,20,336,1201,40.966,3.778,-2.041,1.096,4043.862,-5956.138,-59.561,71.427,1363.939,6820.741
882,acc_882,momentum,36,76,6,1,60,720,425,17.647,5.556,-1.907,0.612,4042.529,-5957.471,-59.575,60.555,745.292,3701.073
883,acc_568,momentum,18,68,6,1,50,336,627,24.561,4.551,-1.778,0.742,3957.725,-6042.275,-60.423,63.032,895.19,4456.152
884,acc_556,momentum,18,60,10,5,80,720,473,55.391,1.946,-2.273,0.974,3931.58,-6068.42,-60.684,61.284,1191.693,5945.668
885,acc_554,momentum,18,60,6,2,30,336,1415,41.979,4.181,-1.962,1.259,3921.045,-6078.955,-60.79,76.57,1811.529,9068.308
886,acc_512,momentum,15,64,8,2,40,336,575,36.87,2.672,-2.369,0.626,3910.863,-6089.137,-60.891,60.999,777.852,3867.165
887,acc_555,momentum,18,60,8,3,50,720,1000,48.4,3.756,-2.303,1.128,3888.342,-6111.658,-61.117,74.174,1502.223,7510.123
888,acc_910,momentum,40,64,5,2,30,720,661,37.973,2.645,-2.348,0.638,3868.674,-6131.326,-61.313,61.571,794.721,3953.553
889,acc_771,momentum,30,68,15,1,60,720,479,22.129,4.254,-1.8,0.604,3856.077,-6143.923,-61.439,62.672,787.321,3912.367
890,acc_906,momentum,40,60,12,2,20,72,1175,41.447,3.609,-2.103,1.07,3854.231,-6145.769,-61.458,72.269,1354.933,6776.371
891,acc_864,momentum,36,64,15,2,30,72,754,40.053,2.586,-2.178,0.749,3846.637,-6153.363,-61.534,62.826,919.109,4580.113
892,acc_761,momentum,30,64,6,2,60,168,485,40.0,2.743,-2.404,0.714,3827.537,-6172.463,-61.725,62.195,878.255,4370.299
893,acc_551,momentum,18,60,2,3,40,72,1286,52.177,3.012,-2.256,1.228,3801.607,-6198.393,-61.984,77.387,1792.225,8970.12
894,acc_715,momentum,28,68,2,2,50,720,702,47.436,2.469,-2.507,0.823,3762.48,-6237.52,-62.375,63.13,1007.617,5021.367
895,acc_665,momentum,25,68,2,2,30,336,748,44.786,2.453,-2.581,0.728,3757.09,-6242.91,-62.429,63.097,893.788,4452.656
896,acc_779,momentum,30,76,2,1.5,30,0,807,38.662,2.965,-2.275,0.77,3755.303,-6244.697,-62.447,64.261,942.193,4695.107
897,acc_560,momentum,18,64,5,1,20,168,796,27.764,3.275,-1.728,0.675,3730.829,-6269.171,-62.692,63.311,881.162,4392.395
898,acc_916,momentum,40,68,4,1,20,720,662,22.508,3.675,-1.854,0.541,3727.595,-6272.405,-62.724,63.601,747.736,3721.8
899,acc_787,momentum,30,80,3,1.5,60,72,628,34.076,3.811,-2.304,0.808,3702.634,-6297.366,-62.974,65.534,974.261,4852.945
900,acc_979,momentum,45,76,2,2,40,720,583,42.882,2.833,-2.915,0.684,3697.26,-6302.74,-63.027,63.597,819.68,4078.249
901,acc_714,momentum,28,64,15,1.5,30,336,762,33.727,3.236,-2.088,0.736,3671.475,-6328.525,-63.285,65.905,922.043,4594.43
902,acc_756,momentum,30,60,12,1.5,20,336,1323,35.752,4.014,-1.875,1.116,3667.266,-6332.734,-63.327,76.358,1500.193,7506.431
903,acc_518,momentum,15,68,6,1,30,168,655,22.595,4.222,-1.894,0.584,3628.954,-6371.046,-63.71,64.444,774.301,3851.405
904,acc_711,momentum,28,64,6,2,40,72,696,38.649,2.782,-2.319,0.696,3621.805,-6378.195,-63.782,64.587,890.39,4432.732
905,acc_744,momentum,28,85,3,1,50,0,574,24.913,3.967,-1.909,0.636,3609.028,-6390.972,-63.91,64.496,835.752,4157.563
906,acc_545,momentum,15,85,4,1,50,168,551,20.69,4.681,-1.882,0.607,3594.88,-6405.12,-64.051,64.714,802.93,3991.329
907,acc_753,momentum,30,60,5,2,30,72,1280,43.125,3.7,-2.0,1.144,3580.454,-6419.546,-64.195,75.128,1572.775,7867.681
908,acc_924,momentum,40,72,5,1,50,720,528,18.371,5.753,-1.952,0.63,3574.709,-6425.291,-64.253,66.565,811.041,4032.423
909,acc_952,momentum,45,60,4,2,20,720,1085,41.106,3.52,-2.123,0.992,3574.349,-6425.651,-64.257,74.279,1270.655,6353.305
910,acc_879,momentum,36,76,2,1.5,80,168,389,40.103,2.723,-2.181,0.75,3568.158,-6431.842,-64.318,65.13,963.446,4797.539
911,acc_914,momentum,40,64,15,2,50,168,537,37.989,2.575,-2.422,0.631,3522.679,-6477.321,-64.773,64.909,824.028,4097.333
912,acc_954,momentum,45,60,6,5,80,72,418,54.067,1.776,-2.331,0.881,3504.625,-6495.375,-64.954,65.805,1154.689,5759.456
913,acc_982,momentum,45,76,6,1.5,40,72,510,23.137,5.186,-2.486,0.57,3503.901,-6496.099,-64.961,67.555,704.606,3499.006
914,acc_893,momentum,36,85,2,1,20,168,797,32.12,3.058,-2.014,0.668,3496.08,-6503.92,-65.039,65.525,883.89,4407.707
915,acc_561,momentum,18,64,6,1.5,40,336,782,35.294,3.122,-2.072,0.765,3459.832,-6540.168,-65.402,67.452,991.803,4943.338
916,acc_722,momentum,28,72,2,1.5,60,720,639,40.689,2.863,-2.228,0.813,3454.598,-6545.402,-65.454,67.705,1043.798,5202.831
917,acc_947,momentum,40,85,8,1,60,72,454,17.621,5.22,-1.882,0.511,3427.853,-6572.147,-65.721,67.883,743.594,3692.801
918,acc_936,momentum,40,80,2,1.5,30,336,774,36.951,3.058,-2.328,0.724,3426.669,-6573.331,-65.733,67.548,931.267,4641.689
919,acc_804,momentum,33,60,6,3,80,336,385,50.909,2.12,-2.284,0.87,3355.746,-6644.254,-66.443,66.779,1152.054,5746.66
920,acc_829,momentum,33,76,2,1.5,50,72,761,41.656,2.903,-2.215,0.852,3346.931,-6653.069,-66.531,68.914,1116.828,5570.98
921,acc_817,momentum,33,68,5,1,80,168,431,25.522,3.955,-1.732,0.677,3340.555,-6659.445,-66.594,67.024,921.64,4587.38
922,acc_759,momentum,30,64,4,1,20,72,898,30.29,3.046,-1.686,0.715,3320.091,-6679.909,-66.799,67.606,990.389,4942.928
923,acc_611,momentum,22,64,6,1.5,60,720,626,35.623,3.208,-2.055,0.764,3306.078,-6693.922,-66.939,69.317,1011.135,5038.266
924,acc_515,momentum,15,68,2,1.5,40,0,856,41.706,2.748,-2.163,0.855,3286.963,-6713.037,-67.13,69.369,1128.493,5631.981
925,acc_672,momentum,25,72,2,1.5,40,336,834,41.007,2.838,-2.269,0.808,3264.218,-6735.782,-67.358,69.019,1069.176,5332.694
926,acc_953,momentum,45,60,5,3,50,0,866,48.73,3.478,-2.338,0.999,3249.487,-6750.513,-67.505,77.807,1347.409,6730.783
927,acc_764,momentum,30,64,15,1.5,50,720,667,34.033,3.186,-2.069,0.713,3236.008,-6763.992,-67.64,69.139,962.247,4793.129
928,acc_760,momentum,30,64,5,1.5,40,72,806,33.747,3.162,-1.966,0.759,3225.903,-6774.097,-67.741,69.494,1031.235,5141.364
929,acc_878,momentum,36,72,15,1,50,72,567,19.753,4.755,-1.835,0.58,3216.969,-6783.031,-67.83,69.582,833.874,4147.333
930,acc_508,momentum,15,64,2,2,30,0,845,46.391,2.447,-2.633,0.768,3213.981,-6786.019,-67.86,69.112,1015.791,5066.4
931,acc_806,momentum,33,60,12,1.5,40,720,1461,37.166,4.596,-1.786,1.294,3207.077,-6792.923,-67.929,80.863,2060.38,10319.838
932,acc_810,momentum,33,64,5,1.5,60,168,667,35.682,3.172,-1.989,0.796,3184.47,-6815.53,-68.155,70.148,1076.312,5365.999
933,acc_683,momentum,25,76,8,1,80,72,277,19.495,4.23,-1.721,0.536,3179.514,-6820.486,-68.205,69.228,827.259,4112.264
934,acc_805,momentum,33,60,10,1,20,720,1288,31.289,4.326,-1.593,1.059,3146.98,-6853.02,-68.53,77.453,1477.688,7393.329
935,acc_803,momentum,33,60,5,2,50,168,1045,42.967,3.834,-2.083,1.081,3145.29,-6854.71,-68.547,80.16,1558.879,7794.457
936,acc_618,momentum,22,68,6,1,80,720,343,23.907,3.923,-1.795,0.586,3090.1,-6909.9,-69.099,69.417,872.222,4338.362
937,acc_608,momentum,22,64,2,2,80,168,497,47.887,2.135,-2.256,0.805,3060.0,-6940.0,-69.4,70.221,1124.282,5605.987
938,acc_604,momentum,22,60,6,2,50,720,1017,41.986,3.868,-2.017,1.063,3028.013,-6971.987,-69.72,80.912,1547.049,7735.436
939,acc_964,momentum,45,64,15,2,80,336,302,36.424,2.726,-2.467,0.581,3020.289,-6979.711,-69.797,70.311,838.652,4170.009
940,acc_601,momentum,22,60,2,3,60,168,698,53.725,1.918,-2.258,0.892,3018.743,-6981.257,-69.813,69.813,1245.461,6217.534
941,acc_587,momentum,18,80,3,1,40,168,821,25.579,4.441,-1.892,0.777,2972.365,-7027.635,-70.276,72.714,1065.565,5313.689
942,acc_757,momentum,30,60,15,2,40,720,1086,42.449,3.859,-2.106,1.021,2969.343,-7030.657,-70.307,78.022,1448.524,7239.954
943,acc_725,momentum,28,72,6,1,60,72,549,20.036,4.068,-1.753,0.553,2966.964,-7033.036,-70.33,70.661,855.26,4254.527
944,acc_603,momentum,22,60,5,1.5,30,336,1298,39.676,3.971,-1.894,1.093,2929.922,-7070.078,-70.701,79.377,1603.973,8024.452
945,acc_913,momentum,40,64,12,1.5,30,72,713,30.715,2.886,-2.184,0.568,2894.256,-7105.744,-71.057,72.088,853.544,4249.722
946,acc_955,momentum,45,60,10,1.5,20,168,1130,36.637,3.88,-2.102,0.946,2850.667,-7149.333,-71.493,80.475,1322.984,6616.033
947,acc_565,momentum,18,68,2,1.5,60,72,726,41.185,2.769,-2.088,0.864,2846.487,-7153.513,-71.535,73.562,1220.805,6092.327
948,acc_970,momentum,45,68,12,1,60,168,482,20.954,4.079,-1.853,0.543,2825.145,-7174.855,-71.749,72.055,848.786,4221.908
949,acc_959,momentum,45,64,4,1.5,30,720,728,32.418,2.972,-2.197,0.588,2812.799,-7187.201,-71.872,72.873,871.54,4344.482
950,acc_763,momentum,30,64,12,1,30,336,762,27.034,2.952,-1.819,0.56,2803.115,-7196.885,-71.969,72.426,900.816,4489.068
951,acc_767,momentum,30,68,5,1,50,72,671,25.186,3.736,-1.77,0.64,2785.197,-7214.803,-72.148,73.847,965.104,4807.883
952,acc_794,momentum,30,85,3,1,80,72,347,26.225,3.728,-1.862,0.605,2736.847,-7263.153,-72.632,73.69,933.445,4646.215
953,acc_629,momentum,22,76,2,1,30,168,901,33.629,2.939,-1.94,0.713,2734.145,-7265.855,-72.659,73.315,1050.141,5239.69
954,acc_637,momentum,22,80,3,1,60,336,505,22.376,3.761,-1.881,0.539,2727.708,-7272.292,-72.723,73.018,855.99,4258.013
955,acc_558,momentum,18,64,2,2,50,72,815,46.135,2.274,-2.374,0.75,2650.207,-7349.793,-73.498,73.596,1105.959,5515.542
956,acc_557,momentum,18,60,15,1.5,30,0,1204,37.043,4.209,-2.022,1.003,2630.693,-7369.307,-73.693,81.442,1479.698,7399.94
957,acc_564,momentum,18,64,15,1,40,0,759,28.195,2.954,-1.752,0.604,2614.503,-7385.497,-73.855,74.029,971.121,4840.504
958,acc_960,momentum,45,64,5,2,60,0,474,37.342,2.362,-2.379,0.533,2614.022,-7385.978,-73.86,73.933,848.901,4223.481
959,acc_956,momentum,45,60,12,2,40,168,881,41.43,3.897,-2.177,0.873,2613.531,-7386.469,-73.865,80.138,1240.787,6196.714
960,acc_989,momentum,45,80,6,1,50,72,473,14.799,4.415,-1.984,0.408,2539.625,-7460.375,-74.604,75.38,736.808,3658.997
961,acc_802,momentum,33,60,4,1.5,30,72,1256,38.774,3.916,-1.899,1.026,2533.51,-7466.49,-74.665,82.215,1544.692,7726.646
962,acc_986,momentum,45,80,2,1.5,50,720,622,33.923,3.219,-2.37,0.621,2532.413,-7467.587,-74.676,76.004,922.379,4596.046
963,acc_607,momentum,22,60,15,1.5,50,72,1174,37.053,4.303,-1.924,1.116,2528.683,-7471.317,-74.713,85.965,1815.254,9083.968
964,acc_807,momentum,33,60,15,2,80,0,381,40.945,2.28,-2.114,0.664,2519.606,-7480.394,-74.804,75.287,1057.317,5269.61
965,acc_920,momentum,40,68,12,1,40,72,599,17.696,3.897,-1.876,0.414,2457.737,-7542.263,-75.423,75.865,777.091,3864.577
966,acc_963,momentum,45,64,12,1.5,50,168,630,31.746,2.93,-2.122,0.584,2451.975,-7548.025,-75.48,76.599,925.508,4613.491
967,acc_653,momentum,25,60,5,1.5,50,720,1230,37.886,4.047,-1.871,1.125,2397.182,-7602.818,-76.028,86.903,1868.887,9353.487
968,acc_852,momentum,36,60,4,1.5,50,168,1203,37.905,4.056,-1.894,1.108,2377.792,-7622.208,-76.222,86.986,1821.82,9116.758
969,acc_614,momentum,22,64,15,1,60,72,697,28.121,3.14,-1.62,0.711,2332.285,-7667.715,-76.677,77.838,1140.148,5688.059
970,acc_522,momentum,15,72,2,1,50,0,817,34.027,2.979,-1.888,0.744,2327.781,-7672.219,-76.722,78.166,1148.224,5729.42
971,acc_836,momentum,33,80,2,1,60,72,689,34.253,2.778,-1.792,0.73,2288.681,-7711.319,-77.113,77.964,1157.183,5772.674
972,acc_813,momentum,33,64,12,1,50,720,739,27.74,3.143,-1.749,0.623,2257.205,-7742.795,-77.428,78.225,1034.141,5155.671
973,acc_943,momentum,40,85,2,1,40,336,719,29.068,3.101,-2.088,0.584,2200.613,-7799.387,-77.994,78.459,957.466,4770.631
974,acc_606,momentum,22,60,12,1,30,0,1220,30.738,4.493,-1.707,0.95,2178.344,-7821.656,-78.217,84.234,1461.972,7311.341
975,acc_652,momentum,25,60,4,1,30,720,1185,31.561,4.466,-1.777,0.958,2154.147,-7845.853,-78.459,84.361,1480.519,7404.571
976,acc_610,momentum,22,64,5,1,40,336,792,26.768,2.818,-1.735,0.549,2145.852,-7854.148,-78.541,78.683,986.792,4918.199
977,acc_660,momentum,25,64,5,1,60,720,700,30.571,3.055,-1.74,0.655,2113.595,-7886.405,-78.864,80.066,1095.276,5461.307
978,acc_729,momentum,28,76,2,1,80,720,492,33.333,2.829,-1.849,0.672,2052.239,-7947.761,-79.478,79.873,1117.898,5574.179
979,acc_962,momentum,45,64,10,1,30,168,904,22.898,6.115,-1.918,0.765,2041.043,-7958.957,-79.59,85.381,1131.068,5646.631
980,acc_679,momentum,25,76,2,1,50,336,815,31.656,2.994,-1.833,0.675,2019.26,-7980.74,-79.807,80.771,1115.9,5566.279
981,acc_786,momentum,30,80,2,1,40,0,846,29.787,3.053,-1.877,0.653,2010.829,-7989.171,-79.892,80.178,1083.016,5401.876
982,acc_966,momentum,45,68,4,1,50,0,588,19.728,3.972,-1.936,0.475,1983.644,-8016.356,-80.164,81.327,872.108,4339.772
983,acc_809,momentum,33,64,4,1,40,168,782,27.366,2.603,-1.703,0.518,1881.33,-8118.67,-81.187,81.469,1000.158,4984.781
984,acc_859,momentum,36,64,4,1,60,336,682,26.979,3.104,-1.701,0.612,1863.364,-8136.636,-81.366,82.095,1084.636,5408.3
985,acc_851,momentum,36,60,3,1,30,168,1175,32.511,4.244,-1.795,0.916,1835.659,-8164.341,-81.643,86.676,1455.415,7277.17
986,acc_853,momentum,36,60,5,2,80,336,440,40.455,2.13,-2.098,0.628,1737.322,-8262.678,-82.627,82.629,1112.854,5549.352
987,acc_657,momentum,25,60,15,1.5,80,168,539,38.961,2.552,-1.907,0.831,1643.66,-8356.34,-83.563,84.942,1399.499,6991.09
988,acc_572,momentum,18,72,2,1,80,72,464,34.914,2.625,-1.941,0.563,1631.822,-8368.178,-83.682,84.059,1040.13,5182.863
989,acc_856,momentum,36,60,12,1.5,80,0,651,38.71,2.335,-1.798,0.789,1550.699,-8449.301,-84.493,85.728,1362.264,6802.997
990,acc_656,momentum,25,60,12,1,50,72,1215,30.947,4.686,-1.688,1.055,1543.176,-8456.824,-84.568,90.563,1835.823,9188.098
991,acc_503,momentum,15,60,5,1,60,72,1247,31.676,5.478,-1.592,1.155,1542.587,-8457.413,-84.574,91.433,2111.101,10572.008
992,acc_993,momentum,45,85,2,1,60,720,559,24.866,2.904,-1.909,0.467,1421.625,-8578.375,-85.784,85.938,953.246,4748.975
993,acc_855,momentum,36,60,10,1,50,0,1139,30.378,4.721,-1.728,1.006,1387.653,-8612.347,-86.123,91.514,1737.952,8695.402
994,acc_901,momentum,40,60,3,1,50,336,1122,31.907,4.381,-1.785,0.978,1345.777,-8654.223,-86.542,91.505,1672.813,8367.637
995,acc_702,momentum,28,60,4,1,60,0,1011,32.344,5.059,-1.666,0.964,1270.92,-8729.08,-87.291,91.22,1661.614,8310.473
996,acc_902,momentum,40,60,4,1.5,80,336,529,37.996,2.322,-1.961,0.727,1211.314,-8788.686,-87.887,88.874,1321.038,6595.469
997,acc_706,momentum,28,60,12,1,80,168,591,29.272,2.643,-1.528,0.653,911.338,-9088.662,-90.887,90.888,1319.432,6587.613
998,acc_905,momentum,40,60,10,1,80,72,458,29.258,2.657,-1.46,0.679,895.477,-9104.523,-91.045,91.046,1364.452,6814.051
999,acc_507,momentum,15,60,15,1,80,720,636,29.874,2.669,-1.52,0.665,828.674,-9171.326,-91.713,91.714,1342.947,6705.808
1000,acc_951,momentum,45,60,3,1,80,720,381,29.396,2.015,-2.011,0.43,622.644,-9377.356,-93.774,93.774,1080.796,5389.446
